id,name,nums,
litterature,"法语。法国",147162,
diyfrance,"法语",15342,
20662,"我爱法语",10259,
gotofrance,"我要去法国",17124,
70975,"法语TEF,TCF考呆组La transmission du savoir",18332,
fr,"战斗在法国",32206,
10127,"C'est la vie!",35405,
guduwawa,"是谁他妈的发明出国这么孤独的事儿",167768,
ps-camp,"PS高手集中营 Photoshop官方群",63580,
goingfrance,"留学在法国",10100,
liuxuezaiwai,"豆瓣留学",38974,
skyfree,"出国自助游教室(微信：zizhuyou123)",386489,
NorthAmerica,"北美豆瓣",33259,
SMaf,"数码暗房.后期软件交流.",24187,
northeurope,"留学北欧",25369,
298628,"澳，加，美，英留学互助群",11310,
gotohk,"我要去香港",275757,
yha,"你住过的国际青年旅舍",178771,
girlsonroad,"喜欢一个人旅行的女生",790150,
grefriend,"豆瓣GRE小组",28842,
sheying1,"摄影人",158030,
lovefilm,"胶片控",62314,
guoer,"一二手相机市场",90789,
SLR,"胶片单反同学会",28502,
camera,"摄影",214292,
JD,"代购之家&海淘",485908,
bedreader,"提前上床我们一起读书(WoiDuShu）",616279,
datou,"青旅打工换宿（微信：DaGongHuanSu）",229228,
11452,"简单生活",25783,
222931,"iBT新托福考试",14260,
rf,"胶片旁轴同学会",36240,
cameralife,"相机生活",34307,
leica,"中文摄影『Leica is on iPhone』",28304,
31029,"数码单反DSLR俱乐部",47868,
tbgw,"我爱代购&海淘☺微信号:lovehtdg",234219,
dulishi,"今晚我们读历史",186140,
gotrip,"去义工旅行（微信：Yigongtrip）",74823,
webwebweb,"网站推荐～",229159,
flickr,"flickr",29303,
w-w,"哇。。。",80530,
nothingness.,"淘宝❤关爱剁手成长协会",214412,
guoxue,"国学",78843,
Gia-club,"我们爱讲冷笑话",656994,
recommend,"推荐一首歌（请耐心看下组则）",54715,
google,"Google",28270,
KUSOMOVIE,"宇宙囧片王",113846,
sfforget,"我说，您随意。",31088,
philosophy,"哲学人",106726,
benothing,"发呆&白日梦&自言自语 俱乐部",160689,
14771,"路过心上的句子",146296,
174966,"Sounds For A Better Life",50564,
verycd,"VeryCD",79669,
femalephoto,"摄影女",11153,
si,"中国思想史",10582,
67371,"我们是眼神放空小组",100315,
xiaochao,"小抄",99174,
twindiemusic,"台湾独立音乐",75137,
twitter,"Twitter",40608,
bluebug,"就让我做个堂堂正正的废物吧！",57856,
327665,"日系摄影",35577,
notonly,"有时就想躲起来",54524,
MichelFoucault,"福柯",11414,
64992,"循环性情绪低落症侯群",206227,
39458,"你所不知道的",65987,
201681,"寒璧斋",125114,
Hexy,"小清新",109586,
74575,"间歇性低能儿",30508,
dvd,"上海碟友会",10754,
emotional,"情緒化",51229,
304595,"丽江义工",23741,
hate-self,"我居然变成了我最讨厌的那一种人",84468,
iii,"非正常资源统计中心↑²",49834,
booknotes,"宏观、行业和公司研究",23289,
pihao,"不信你没个什么癖！",149371,
ifanfou,"爱饭否",14248,
choufeng,"抽風組~",21798,
68529,"旅行也要穿得很好看",15881,
43017,"我的强迫症 OCD",74211,
shubenhua,"叔本华",19541,
russian,"俄语",10117,
19062,"古怪比喻兴趣小组",101057,
douban_radio,"豆瓣FM",54316,
35310,"一张开嘴就跑题",20386,
outkast,"一起去旅行（全球版）",51660,
weirdpeople,"我们都是古怪的人",53703,
59673,"《Value》价值投资读书会",12574,
107785,"一有点钱就烧包",12325,
yiqilai,"智慧旅行箱：旅游生活省钱专家团",130649,
poyue,"破越古怪问题研究所",95298,
cfalevel1,"CFA LEVEL1(特许金融分析师)",13079,
somalive,"MAO Livehouse上海",14158,
trivia,"古怪知识",91878,
japanesebook,"日文原版书同好会",11100,
consulting,"管理咨询俱乐部",43873,
juzimi,"句子迷",272181,
maths,"数学 Mathematics",35201,
statistics,"统计学",13347,
god_damn_poor,"我太他妈穷了党",30772,
psychology-self,"心理社",240341,
logic,"逻辑",67095,
11749,"征友相亲",14784,
357633,"公司离家太他妈远了党",17279,
mrx,"骂人学",31274,
290237,"看到别人过得好我就很生气！",20058,
grouptherapy,"豆瓣群体心理互助治疗 x 简单心理",40236,
internetlife,"思维的乐趣",15418,
pxiao,"【咆哮组！】我去年买了个表啊！",20859,
save_money,"~丧心病狂攒钱~ 小组",78472,
prettyeyes,"美目◎保养◎我们都爱化眼妆",84578,
www.nlp.cn,"生活中的心理学™",46329,
shehuixuedouban,"社会学",12847,
241320,"咆哮组！！！！！！",240625,
361153,"看起来就是比你们年轻",43453,
41659,"Watsons™【屈臣氏】",118785,
ralationship,"恋爱心理学",66320,
british_accent,"英伦腔",10377,
130587,"不像“90后”的90后",16704,
cultwomen,"不靠谱女青年联盟～微信号：cultwomen",428354,
Decent.,"『我如此正经以至于越来越不正经』",111931,
tangguohe,"啊，团购！",111704,
28916,"以结婚为目的而恋爱吧",68374,
21714,"恋爱 婚姻 家庭",46198,
brit,"英国电影",63654,
collection,"恋物成癖",13582,
Junko520,"我们就喜欢折腾男朋友！",387005,
mytaobao,"菇凉们组团一起购",81554,
kaopulove,"【求勾搭】豆瓣最靠谱的恋爱小组！",781181,
britpop,"Britpop",27659,
hushi,"“我的朋友”胡适之",10552,
157610,"勾搭才是正经事",10452,
mybook,"我有一个小本子",20155,
TBcrazy,"一天不淘宝就不自在",32793,
481977,"☆爆照不问出处,勾搭不问岁数☆",127415,
citydate,"❤同城约会❤",33424,
tbbc,"淘宝白菜帮",16960,
569879,"春天里的情趣【公开组】",52492,
newsreel,"纪录片",32258,
521120,"声名狼藉的女人们[少女亮凶器]",20672,
544764,"我在用性爱玩具",17954,
11737,"文艺片",40985,
251620,"淘宝城--潮人街",14224,
Cult_Movie,"Cult Film 邪典电影",106050,
12021,"大连大学生豆瓣同盟",10936,
python,"Python编程",75722,
indie_comix,"独立漫画",21449,
DiyGril,"手工DIY教程（微信号：shougongquaner）",340728,
soku,"我们都很爱创意|微信号：giftjie",286076,
sheyii,"爱生活！爱家居！爱艺术！",265011,
id2006,"独立设计师",232540,
colourlovers,"色彩爱好者 ColourLovers",174836,
wohuozhe,"想不想很多人帮你！",415982,
guojialishi,"《看历史》杂志",11721,
18297,"插画",142145,
36034,"视觉传达设计·Visual Communication Design",48094,
Bcover,"最美的封面",62533,
lvguangsenlin,"装逼指南",359364,
jiekou,"请假借口研究所",157575,
trijoint,"生活·读书·新知",114966,
jpc,"生活·读书·新知三联书店",14945,
206969,"手绘插画",62683,
pslove,"PS高手&低手の聚集窝点",74753,
Karoshi,"设计导致过劳死",18617,
JPpeople,"我们身边的皇家极品直播中",351830,
114011,"我都被自己感动了，噗~",97771,
no-self-control,"自制力差",60179,
diulian,"丢脸不是〃两三〃次",115542,
dgzy,"德国哲学经典文本",13776,
songshuhui,"科学松鼠会读者花园",134326,
xllx,"快生活，慢读书",16331,
23491,"易经",13396,
tao,"老庄之道",36465,
sketches,"虫虫手绘班",16396,
14185,"Photoshop",243252,
doubanzhibo,"豆瓣直播",116991,
68428,"我只是不知道应该拿自己怎么办。",86812,
59054,"总觉得有些事好像发生过一样",64457,
lei,"雷死你不偿命",36869,
lifeway,"生活小常识¤",148895,
479524,"水彩乐园",20086,
colortown,"水彩小镇（2015新年快乐）",29309,
haixiuzu,"请不要害羞（微信公众：haixiuzu1024）",490990,
Stubborn.fool,"我们都是固执的傻瓜...",64523,
dayaferday,"我又荒废了一天",230706,
moonpie,"私房菜（公众号：suixinkitchen）",434699,
249439,"学习型友邻大集合",91369,
15285,"一个人的专注时光 - 又寂寞又美好",124037,
175726,"新道家 Neo-Taoism",71384,
201236,"铅笔绘事",63371,
miniskirtlegs,"不穿裤子的女人们",96950,
meili,"我很好，只是很想你",115165,
You_arelegend,"每月养成一个好习惯",444309,
phy520,"我爱心理学",499222,
442879,"你荒废时间的时候会有多少人在拼命",124155,
justmyself,"自己和自己玩-夏天盛开的向日葵",39204,
457488,"我们都爱吊带袜",26954,
alone-,"我习惯了一个人",286180,
ye_1,"我们始终没有牵手旅行",22543,
EmirKusturica,"佳片推荐 （只迷电影不装逼）",555180,
realizedream,"我们还在为了理想而奋斗！",59249,
31770,"回想起往事让我一阵恶心",18197,
525919,"我就爱穿丝袜，我有丝袜控！",25376,
62126,"为了遇见世界上的另一个我",63688,
readingmania,"最近我们读了同一本书",330219,
greatdreams,"【我们还有牛逼的梦想】",39933,
lazybone,"云南-约伴",23589,
poet,"死亡诗社",13009,
ider,"工业设计人",11252,
borges,"博尔赫斯",24712,
lvxing,"爱旅行爱摄影",572816,
songqikui,"向未死的梦想致敬。",17368,
canju,"神经质",23398,
travelguide,"旅行指南Travel guide",454593,
beidao,"北岛",13700,
weid,"家居产品创意设计",32946,
263285,"打男人！打老公！打男朋友！！！",25273,
bshen,"装小逼指南：大音希声，小逼无形。",13310,
travel,"驴友约伴",326050,
261453,"每天三件事",24453,
beafraid,"很害怕。",22441,
petal,"失语症",17029,
12340,"尼采",25411,
SNSJZJ,"室内设计之家",23097,
dushenainaicc,"毒舌来啦",49124,
youmakemesick,"我有恶心同事恶心同学恶心舍友",12146,
shakaixin,"刚才我干了件傻事- -!",10807,
35967,"其实我很疼",40999,
anti-indie,"最烦小清新",18254,
289154,"晒装修ing",12110,
49635,"迷恋植物的人",139067,
qiushi,"实在太丢人了!",10454,
lonelychildren,"缺乏安全感的孤独孩子",38174,
ganjue,"怕的不是分手,而是你的态度",28790,
graduate,"心理学考研",17084,
190728,"植物种子分享小组",10149,
35312,"一干正事就犯困",114156,
curator.,"獨立策展人",15016,
sillyjokes,"给女朋友说冷笑话 o_0",11822,
57157,"我们自己就是冷笑话",80280,
184699,"阳台园艺",10946,
ccb,"创意投资",11651,
13858,"个人创业",110439,
southpark,"南方公园",14269,
560638,"青海塞外的风青年旅舍",17770,
taoxihuan,"淘宝 淘喜欢",12018,
mba,"创业小组",38104,
newbee,"搞笑漫画日和",14056,
copyidea,"文案",40903,
GINTAMA,"銀魂@快给我滚粗来啊混蛋！",60744,
198653,"美国代购",16156,
creative,"创意互联网",13754,
ogilvy,"奥美Ogilvy",34376,
memeda,"傻x歌曲批判大会",82314,
pixar,"Pixar",23220,
250865,"我爱代购 代购交流",17569,
blabla,"八卦来了|大圣齐天",618316,
efilm.animation,"实验电影和实验动画",17234,
teleportER.Co,"用音乐,制造记忆片段。",10590,
jetlicomcn,"化妆品代购团购",23245,
pr,"公共关系",15590,
Junko,"〓小小女人帮〓 男 3 喷子 圣母勿进",285873,
zoubian,"每天一歌",17061,
media,"传媒小组",57462,
guitarbymyself,"自学吉他",16945,
280261,"好书+好歌",68386,
315982,"豆瓣吉他爱好者",15533,
comics,"漫画，绘本，插画",51788,
199108,"心理学书籍和电影评论分享",85354,
lonelylife,"一个人看电影",182118,
kaopujita,"靠谱吉他",11981,
fashionwoman,"美丽达人",59387,
C-index,"豆瓣动漫小组索引",17182,
usdvd,"看美剧，学英语",179389,
venture,"创业与投资",18452,
jianfei,"减肥帮",92628,
EVANGELION,"EVA资料库——第三新东京市！",18143,
29070,"职业心理咨询师俱乐部",30915,
yingwenxiezuo,"英文写作（微信yingwenxiezuo）",114662,
job,"实习、求职、职业规划",11597,
10243,"心理学交流",23852,
ebony,"160cm想要瘦到80斤",68084,
fengrenyuan,"减肥疯人院",83783,
skyland,"心理咨询",22732,
language,"爱学语言",81495,
13261,"苦乐职场",23635,
traveling,"驴友俱乐部",75932,
16092,"大脸帮",72202,
187576,"21天减肥法",36702,
88148,"170cm减肥帮`",29065,
spanish,"西班牙语",68619,
10084,"寻书·淘碟",67584,
lipbalm,"润唇膏达人",58814,
229124,"1米68想瘦到47KG",16871,
189754,"170cm想要瘦到90斤。",26309,
zhengxinyiriji,"减肥方法+日记",18226,
single,"单身安乐窝",29136,
Trinity,"香水&彩妆&护肤同好会",86408,
53312,"不吃饱饭哪有力气减肥",11310,
228555,"将瘦腿运动进行到底，永不放弃！",21547,
douban911,"加入这个小组 你就会变得很有钱",318491,
515863,"瘦腿减肥，服装形象工程(微信:YLKZWX)",62566,
258419,"女生美容护肤瘦身丰胸产品体验感受",38467,
beauty1990,"90后女生的美丽部落格",35176,
healthlife,"目标90斤，今天你减肥了吗",18031,
315049,"加入这个组你就会变得很瘦",21791,
97515,"我们的小腿都是肌肉",28673,
523355,"上海招聘，租房",21338,
317988,"职答-直达职场专家：职业规划答疑",28281,
230192,"美容护肤我最大",24968,
180882,"淘宝护肤品完全.試驗田",13887,
LesSea,"LES SEA",36386,
242090,"我就是要买减肥药~~~",33931,
528187,"淘宝购物网购小跟班",14495,
professionlife,"职场心理与人生智慧",123003,
329424,"美容护肤小窍门",24631,
105235,"美丽达人——懒人组",17178,
Les,"她她",18665,
528188,"零食小吃美食小跟班（吃货联盟）",27812,
526083,"美容护肤化妆品小跟班",22543,
528191,"淘宝时尚女装女包衣服",15534,
barcelona,"巴塞罗那 FC Barcelona",22646,
myjob,"上班这件事",192527,
239981,"去痘印",26816,
slim,"我们都爱化妆品",15264,
loveles4ever,"我要我们在一起",22463,
yoyobabe,"独居女子",26203,
annbaby,"安妮宝贝",64059,
518605,"我是一个纯粹的吃货or美食家",23535,
523429,"中国女人面膜秀",22055,
163251,"求职★招聘",15746,
fangshai,"夏日防晒帮",25168,
doudoulong,"长痘痘",14580,
hufu68,"68美容护肤论坛--护肤品论坛",13829,
faye,"Faye",41359,
518910,"我总不停买衣服（服装/淘宝/购物）",26136,
249095,"正品奢侈品转让（全新或二手）",13731,
518886,"豆瓣女人帮",23672,
518909,"淘宝团购代购（购物&网购&海淘）",23126,
hkmovies,"香港电影",38512,
allergy,"皮肤过敏",16618,
244815,"祛痘祛斑",12727,
youdonotknow,"暗恋是一场纯真的闷骚",34391,
qijinnian,"七堇年。",11722,
deserts,"張懸",73470,
Eason,"奕身迅情 | 陈奕迅准备中",115631,
518963,"单身小青年儿（恋爱、聊天、交友）",38835,
gorgorleslie,"為你鍾情·張國榮",46472,
chinacollege,"北京招聘(二)",29280,
101382,"干性皮肤",18592,
113192,"--女追男--",17849,
65903,"偶等别人追。",87803,
snack,"我爱吃零食",47527,
qingfeng,"吴青峰",26369,
linyoujia,"林宥嘉",41064,
M-P,"北京招聘",68297,
mianmodaren,"面膜达人",28216,
needGF,"我要女朋友",82858,
nanpengyou,"加入这个组你就会有男朋友",228159,
cooking,"没有厨房我也爱做饭",61239,
chocolate,"巧克力",44982,
ashin,"♫ ♬和五月天混在一起♫ ♬",99419,
sunnyrain,"陈信宏。　　谢谢你。",36036,
KhalilFong,"方大同",33126,
zhimei,"面膜控",15167,
WMGD,"玩命勾搭 | 招募管理员",204407,
jiazhuangqinglv,"假装情侣",117329,
lolita_cat,"即使一个人也要做一顿美味的饭",13937,
286519,"皮肤美白经验",14256,
11535,"北京大学生",15422,
197226,"不靠谱的勾搭小组",81899,
135582,"做饭的女人们Ms.Cook",22919,
ondietfood,"瘦身私房菜",13980,
230893,"重庆兼职/招聘/求职信息交流组",13869,
pku,"北京大学",14540,
198666,"我们没有男盆友",35130,
22477,"北京LES夜话",12430,
NANA-cook,"NANA的小厨房",15206,
34020,"烘焙之家",71443,
tizzybac,"Tizzy Bac",11726,
shopcoffee,"开咖啡馆是正经事",58730,
sfc,"Starbucks Fans Club 星巴克迷俱乐部",59073,
261998,"北京兼职 微信号 bjtongxueba",11861,
foods,"美食",32588,
coffeesensation,"咖啡常识",16635,
430624,"北京大学生靠谱兼职实习",30206,
njfood,"南京美食",47147,
148218,"再忙也要去旅行",20327,
meiwei,"豆瓣美食试吃",13261,
zhuhuawww2,"兼职e族（招聘/应聘/兼职交流）",29528,
nanjingdouban,"南京豆瓣",11378,
McDonals,"我爱M记",30790,
go,"行走·记录·向往",25311,
sitcottee,"雕刻时光—愿用一杯咖啡温暖你",13280,
21846,"杭州二手",20128,
110341,"推销自己做兼职",10767,
architopia,"建筑乌托邦",17145,
arch-reseach,"建筑学研究 (Architectural Research)",24170,
uniqlo,"UNIQLO优衣库",51282,
vagrant,"彻底流浪 On the Road",23570,
hiking,"我爱徒步 I love hiking",14751,
207392,"上海戏剧*舞台爱好者小组",14860,
archi_student,"建筑学专业",15341,
58379,"建筑八卦",35233,
huzhuyou,"豆瓣互助旅行",115899,
ITfans,"I.T & i.t",33673,
188816,"豆瓣舞蹈学院",41885,
125945,"杭州摄影控",10501,
draw-arch,"建筑手绘",46513,
mk,"milk club",14423,
yly,"没钱也旅游",336218,
brands,"品牌盲目崇拜综合症",128259,
220574,"二手闲置党",14220,
laspace,"景观建筑设计  Landscape Architecture",20028,
224813,"建筑模型设计与制作",15137,
87422,"互助逃课旅行",17766,
youth26,"休学辞职去旅行",212901,
paihangbang,"秒杀排行榜",136631,
180374,"闲置。转。",62802,
angryeditor,"Angry Editor - 英语错误",26058,
zara,"ZARA",12346,
355586,"边旅行边蹭饭",75193,
145341,"豆瓣大交易",60923,
emky,"英语专业考研",15290,
luluc,"英语中高级口译交流",34122,
362416,"旅行捡人俱乐部",26610,
no-money,"我没钱",20721,
sixi330,"豆瓣购物",47569,
CATTI,"我们要拿人事部翻译资格证",37019,
40762,"时装笔记",11298,
mynamedh,"敦煌你睡过么？",14316,
haodian,"淘宝好店",37395,
interpreter,"高级口译证小组",21373,
simul_interpret,"同声传译",10798,
taobao38,"淘宝女装",35575,
527906,"丽江",26277,
cine,"独立电影人",30268,
537612,"我们都是咖啡控",15769,
542283,"探讨快速有效的祛痘方法",14325,
BFA,"北京电影学院",14920,
542539,"【求置换】最靠谱的二手闲置大全",78179,
lihan,"李雷都这么牛逼了韩梅梅却不喜欢他",17864,
TechOfCreating,"创造想要的人生",11552,
161094,"其实，我真的很想找个人一起去旅行",64322,
349665,"北京租房【宝贝】",11456,
littlebar,"成都小酒馆",29408,
279014,"约个豆友去旅行",20200,
257523,"北京租房房东联盟(中介勿扰)",57601,
bobby,"昇",16766,
tw,"台湾 | 电影 | 往事",63788,
opking,"北京个人租房",50923,
368503,"我们都是爱学习的孩纸灬",11739,
232732,"让我们结伴旅游",25592,
276176,"北京出租房（请自觉统一标题格式）",49084,
rene,"刘若英",19761,
to-win,"没错，就要你望尘莫及",13673,
183836,"路在脚下穷游列国",14328,
dearfish,"心靜茹水",28910,
positive,"正能量加油站 Energy Station",10817,
Youth_Hostel,"不仅仅是“青年旅舍”",13002,
wang2,"王小波门下走狗",78972,
11837,"桂纶镁这样的女孩",25768,
140319,"香港購物團",19372,
315853,"每周一篇励志文章",12407,
45741,"各地最有特色的国际青年旅舍",20704,
303122,"穷游天下住青旅",25777,
yough,"蓝色大门|和Ta有关的青春",25528,
guzhenxitang,"西塘",24710,
189486,"国际青年旅舍·中国",10735,
393140,"走走走!去做青旅实习生（新）",17392,
49513,"游走印度",14640,
kieslowski,"纪念基耶斯洛夫斯基！",11244,
203703,"一起开青旅",13196,
kangxilaile,"康熙来了",166441,
264066,"留学生日本代购",17284,
ourdreamaboutDL,"我们的理想是在大理开一家客栈",15126,
henduoren,"众筹客栈联盟",11488,
ka-tvb,"狂愛TVB",115723,
354640,"尼泊尔志愿者协会（NVC）",11066,
215893,"美国代购代销",21398,
528488,"大理 丨旅游丨约伴丨客栈",14278,
549500,"宠物之家  【推荐度★★★★★】",51192,
oasis,"Oasis",15490,
gapper,"义工旅行Voluntourism",51011,
228956,"我喜欢的都市言情小说",11000,
gap-year,"间隔年（the gap year）",21848,
148612,"【我们只找折扣机票】",114796,
369706,"边打工边旅行",16283,
12227,"我要去西藏",21830,
205822,"准备留学美国的童鞋 ~",10119,
146625,"TXT小说",15061,
11595,"Lonely Planet",117730,
hellotibet,"我们骑车去西藏",17153,
hra,"旅行读书会 Henry Book Club™",17077,
biketouring,"骑自行车&骑摩托车",15298,
yinxiangbiji,"印象笔记",42565,
ereading,"KINDLE",217022,
gaoxiaolife,"高效生活",23318,
471004,"KINDLE阅读",10190,
K4,"Kindle Touch Paperwhite",17904,
143759,"自行车运动爱好者",27789,
morn,"晨型人",26859,
18191,"我爱羽毛球",29416,
novelwriting,"小说写作",36759,
studentinuk,"英國留學生協會",16176,
soochow,"苏州豆瓣",23659,
tennis,"网球",12702,
138058,"写手",32725,
freedomer,"撰稿俱乐部",15340,
353999,"UK-job！英国招聘",10987,
notebook,"豆瓣笔记本电脑工会",30062,
sharebook,"共享书籍小组",11132,
TGYGXZ,"豆瓣稿费银行",91712,
newyorker,"留爷处",35262,
LondonDouBan,"伦敦豆瓣",31434,
appleipad,"iPad",32644,
128584,"书痴书狂",18731,
magazine,"杂志公社 · AppStore搜「Say」",14626,
13429,"编辑出版发行业",12638,
278103,"苏州最靠谱的恋爱小组",16470,
macintosh,"苹果迷",132995,
csk,"藏书癖",22974,
duku,"读库",34629,
headphone,"烧耳机",76543,
18587,"豆瓣书店",17682,
bjbookstore,"北京书店扫荡计划",72506,
haha,"北京live",17423,
pubanimals,"北京夜店族BeijingPub",10902,
douban250,"豆瓣排行榜",187318,
onewaystreetlib,"单向街·图书馆",13445,
nanluoguxiang,"南锣鼓巷",19364,
bjn,"我们都是北京妞儿你们都爱北京妞儿",79351,
plugin,"豆瓣插件",34655,
Bj.798,"798",27710,
beijing80s,"北京80后靠谱交友小组",15678,
iamwaiting,"北京最靠谱的高端恋爱小组",23718,
456782,"北京最靠谱的谈恋爱小组",37575,
Firefox,"Firefox",19983,
44917,"梁文道",14366,
yoshitomo.nara,"奈良美智（Yoshitomo Nara）",34739,
519193,"北京豆瓣（恋爱、聊天、交友）",33825,
harry,"哈利波特迷俱乐部",33397,
518338,"美容护肤小课堂",12277,
cunshang,"村上春树的网络森林",35631,
518698,"招聘（北京、上海、深圳）",14672,
516673,"租房（北京、上海、广州、深圳）",14467,
python-web-tech,"Python WEB 开发技术",13657,
21440,"字体",11510,
nvjiugui,"女酒鬼 －小组微信:fleshly01",13415,
cqdxslm,"重庆大学生&文艺小青年联盟",17404,
oilpainting,"油画",30986,
drunk,"不喝点酒就浑身抽抽",14263,
php_coder,"PHP编程",13447,
BSMGGTDNBZCBB,"不是每个怪胎都能被制成标本",12299,
bluelove,"我又不是富二代！!",17777,
java,"Java&Android移动应用编程",24079,
VincentvanGog,"梵高",10418,
92455,"收藏癖",14259,
417139,"根！本！没！人！联！系！你！",54109,
programmer,"程序员书屋",36363,
enthusiastic,"我们生来就注定孤独",48328,
comp-sci,"计算机科学 Computer Science",22981,
cc,"C语言",28769,
441526,"劳资不想谈恋爱也不想单身",33528,
386570,"间歇性心情不好症候群",46992,
170177,"这辈子一定要做几件疯狂的事",90948,
sting,"我们生来带刺",32049,
uidesign,"UI设计",21166,
malaysia,"马来西亚",10651,
gouzu,"【晒照赢大叔】入组你就有大叔了！",49439,
ganxing,"我就触景生情，我就这么感性",23416,
claq,"除了爱情我还有好多事要做",242157,
shanggandejuzi,"伤感的句子",13157,
357838,"在喜欢的人面前我们总是……",18199,
111124,"没目标邪会",19857,
welikethailand,"如果你也喜欢泰国",35723,
chiangmai,"清迈",27786,
taiguo,"向泰国出发！",13612,
231101,"我只是偶尔抽疯",12580,
327774,"豆瓣懒人奇葩汇集地",35052,
34587,"伪乐观的悲观主义者",10679,
462316,"我来帮你实现愿望",23484,
berrytimes,"【黑莓时光-黑莓菜鸟帮】",17919,
91198,"自由作画",12224,
20106,"人际交往障碍",72052,
wooyaya,"二手电子产品",27202,
furniture,"木工DIY",23600,
wgyh,"二手交易",110709,
145327,"北京二手交易",50401,
235241,"正确对待灵异知识小组",12906,
I.N.P.B,"自己动手做布袋",15714,
142950,"北京跳蚤市场",16312,
xingzuo,"星座情感研究",168986,
supernature,"҉中҉国҉超҉自҉然҉协҉会҉",63843,
56124,"我们爱看恐怖片",19436,
senso,"手工交易市集。",19833,
aishougong,"爱手工",21922,
affa,"hands&minds 手工作家",43856,
DIYY,"手造●人",29426,
turedream,"星象研究资料室",84213,
128828,"占星与玛法达星座运势",329790,
capricorn,"星座奇缘",195193,
horrormovies,"恐怖电影",71970,
285681,"零基础学画画",19313,
116853,"我爱手工活",12238,
89607,"-手工制作梦想屋Doll house-",12433,
witchstudio,"女巫店",61489,
BJSubway,"北京地下铁",24124,
lj,"【天秤座】",162850,
27211,"B级片！",48282,
knittheworld,"毛线创意编织俱乐部",11547,
SewingMachine,"我们都爱缝纫机！~❤❤❤~",26801,
67427,"~非关命运~",23009,
zhanxing.net,"占星Stars Never Lie",13672,
20849,"星座对对碰",26939,
fuckscorpio,"天蝎去死去死团 【公众号fuckscorpio】",24540,
EroGuro,"猎奇漫",13409,
372763,"服装制版",10447,
20244,"服装设计",109686,
Leo,"Leo 狮子座",92973,
leogreat,"爱上狮子座",17743,
johnnys,"johnnys事务所",11261,
EIGA,"日本电影",39743,
mojiewo,"沉默摩羯",30626,
jpop,"日本音乐♫",35228,
quriben,"正在存钱去日本小方队♪",71134,
mojie,"摩羯女子（微信公众号：iastro12）",21943,
ourcapricorn,"摩羯座Capricorn♑",51603,
53943,"射手集中营",22074,
17882,"自学日语中",152219,
211781,"日本签证及旅游（自由行）攻略",19193,
virgo.M,"处女座男生",17211,
virginhate,"我恨处女座♍",32894,
11512,"【处女座】",129665,
sennv,"我们都是森女！",12157,
Taurus,"金牛座的豆瓣",73925,
Candyzhao1028,"25岁之前去欧洲旅行",13151,
go2eu,"自助游欧洲",30908,
NorthernEurope,"北欧",11213,
Kor.cn,"韩国风尚*旅游",13174,
theUS,"美国豆瓣",17056,
usa,"美国生活 USA",15312,
hateTaurus,"我恨金牛座",11258,
StudyInAmerica,"留學美國（非營利）",120939,
181565,"豆瓣最靠谱交友",10474,
hollands,"留学荷兰（公众微信：idutch）",12735,
TOEFL,"托福|TOEFL",59909,
shoe,"平底鞋",39357,
252776,"找一个温暖的人过一辈子",11154,
yasi,"雅思",82002,
costume,"我们喜欢漂亮衣服",13617,
xianzhongxue,"我就喜欢随身背着我的包",43847,
summerlover,"限量版夏天",70159,
qiliuhai,"我们都爱齐刘海",45545,
254513,"不恋爱直接结婚",34165,
haircut,"短发女生",61088,
krstudy,"自学韩语",39590,
325171,"自学日语、韩语、西班牙语等小语种",23309,
88584,"^外贸衣服^大搜刮",43159,
longlonghair,"就是喜欢留长发",13535,
fish-love526,"搜寻外贸原单/尾单",16660,
hjenglish,"沪江英语官方小组",10446,
enging,"口语速成班_培训班_怎么学英语口语",17072,
partners,"说英语 English partners",15667,
149669,"复古→摩登→大霹雳",16750,
vintage,"古着┊vintage",16292,
167157,"一 封 陌 生 人 的 豆 邮",12115,
fzdp,"服装搭配",92170,
Homosexuali,"我們是男同||BF你怎么了BF_(:з」∠",10815,
MedicatedDiet,"老中医",64344,
151898,"重度抑郁症",16129,
167052,"在校gay联盟",11678,
200472,"我们是Gay,但我们很Man!",13131,
SUNHOPE123,"养生苑",138781,
296330,"我是健身MAN 纯爷们GAY",23299,
AcademicGay,"我们是学术gay（LGBTQ）",13811,
meironghufu,"美容护肤 养生保健",109737,
procrastinators,"我们都是拖延症",138870,
214148,"战胜拖延症大龄成才住院部",14137,
pock,"战痘护肤 化妆美容☺微信号: am400800",368330,
ChineseBeauty,"中医美容",26450,
20031,"INTP",11581,
541924,"暴露狂别害羞（魔都上海）",10555,
518632,"性成瘾者互助会",22367,
jiatuizu,"夹腿爱好者",15374,
36672,"澳洲留学预备圈",20772,
fragrance,"香水---瓶中精灵",10049,
582663,"宵待草夜情",21987,
muddledness,"我们都有混乱过【公开组】",19323,
383972,"上海合租族_魔都租房",40459,
pudongzufang,"上海租房@浦东租房",44182,
InnerLight,"心探索",19297,
583132,"上海无中介租房",11815,
251101,"上海租房@免费才是王道",12039,
178091,"上海临时租房小组",10552,
psy-sci,"科学心理学",59973,
112691,"行为心理学研究",11106,
AbPsych,"变态心理学",21112,
129738,"犯罪心理画像",11882,
542103,"除了SM什么都聊",12669,
my15dong,"树洞®-----让最小的声音也有人聆听",12181,
Dreamrecorder,"记梦器",33595,
littleyou,"童年研究 | 小站上线",48286,
open163,"网易公开课小组",12826,
dbggt2.0,"寂寞组",38931,
o0,"【十万斤为什么©】",88213,
tedtalks,"TEDTalks",33982,
biology,"生物学 Biology",10843,
shiyuemami,"孕妇&妈妈怀孕育儿交流",25101,
buspassengers,"博客大巴豆瓣小组",16323,
174069,"我们都爱看博客.",14196,
ecocn,"经济学人The Economist",10595,
507593,"备孕妈妈怀孕育儿宝宝帮",16385,
newyork,"纽约生活指南",11792,
baguatianxia,"娱乐八卦",38957,
careerX,"Career",13177,
121068,"一起约饭看电影（单身汪）",21886,
duoroukong,"我们都是多肉控",14068,
17537,"我的毛姆叔叔",15127,
hot.pot,"中华火锅研究会",16030,
505986,"娱乐八卦圈",137770,
329024,"八卦无敌【直播+脱水】八才是王道",10791,
196602,"❤晒出来❤",26406,
528601,"了里啊的多肉花草世界",56464,
480815,"周庄一日游",94749,
DQMQQ,"晒晒你最性感的照片",32048,
528382,"最爱美剧",51598,
528372,"胶片厦门",51531,
476538,"豆瓣丶Singer",13753,
528584,"维密学者",51531,
167790,"甘青川藏-新疆-青海-敦煌-拉萨约伴",132672,
275645,"「手机党」脱水备份",42840,
tuotuotuo,"脱-脱-脱水贴之马年马上有一切",27856,
investlism,"投资主义「金融/经济」",11462,
528369,"萊特設雞-汽車設計",51951,
528384,"数学的美学世界",52732,
528587,"大梦电影部落",51852,
528566,"极客那些事儿",54401,
528574,"XBOX360",52938,
tuoshui,"≈全民脱水手机党≈",66684,
shudongzu,"树洞里的小秘密",26794,
355148,"经济金融招聘求职",18291,
wurengqiang,"投资者笔记",11984,
S_P,"证券投资",13089,
528569,"弱水三千，一瓢都不归你。",52983,
528572,"动动画画",51750,
528564,"艺术",54089,
ahahahahahaha,"啊哈哈哈哈哈哈哈哈哈哈哈哈哈",12422,
NordicEurope,"吃喝玩乐在豆瓣",30130,
354969,"教你学理财",27200,
O,"股票基金理财银行保险彩票投资",74778,
independence,"独立女声",12392,
289435,"揭发豆瓣红人",12930,
34183,"家庭投资理财",12795,
makeup2011,"简七理财（微信：jane7ducai）",103368,
kerenann,"Keren Ann的后花园",12394,
Coldplay,"Dear Coldplay",18710,
guanru,"文玩菩提子——手串佛珠念珠核桃",10539,
428557,"失恋 分手 极品前任",45172,
lovestationery,"热爱文具【默默祝福】",18941,
151932,"我有极品前男友、前女友！",87160,
lovetape,"貌美の纸胶带们(ˉ﹃ˉ)",10734,
wenju,"我們是文具瘋子",22163,
loose-leaf,"我们喜欢活页本",17358,
xiaobenzi,"恋本癖",26569,
Kokuyo,"萌尚文具馆",13920,
shouzhang,"手帳",156770,
96608,"让我们来自己DIY本子吧。。",13190,
no1,"欧美流行音乐",43041,
masa521,"我爱这歌的词句直到骨头里",111027,
oscars,"奥斯卡",17960,
313249,"每天一首英文歌",15664,
470910,"手帐生活-dokibook",32996,
NoDirection,"电影找不到北",30444,
NO.10,"第10放映室",57660,
imdb,"IMDb250部最佳影片",40333,
185997,"那么温暖那么痛",77409,
movieworld,"《电影世界》",15982,
subtitle,"电影字幕翻译 2.0",28775,
491350,"☞和手账有关的那些事❤",13658,
rockandmovie,"电影电影。摇滚摇滚。要电影滚。",11389,
359985,"一个人的奋斗",14378,
teachersimon,"新东方Simon",11484,
gongyi,"豆瓣公益",36788,
Listening,"提高听力一起来！",12988,
manunited,"红魔曼联",17166,
xiandouban,"西安豆瓣",77208,
180511,"魔鬼约会学",22404,
68688,"我们一起看演出 西安Live",10292,
xiandaxuesheng,"西安大学生豆瓣",16631,
volunteer_sh,"志愿者在上海",20291,
Milan,"米兰城",14452,
HelpWenChuan,"卓明应急信息服务中心",13414,
XiAnladies,"我们都是西安妞，你们都爱西安妞儿",14453,
xianwork,"西安求职小组",10624,
12658,"上海的小书店",58149,
gogo,"暴走上海小分队",32856,
18697,"隐形眼镜达人组",41492,
11943,"上海吃、喝、玩",12151,
shpic,"在上海拍照片儿",51538,
shanghaiavenue,"上海马路 上海弄堂",16192,
108062,"英语经典短篇阅读",13755,
Shanghai,"上海豆瓣",285632,
NJE,"司法考试阵线",20059,
368133,"靠谱上海单身交友（魔都交友组）",39033,
NoAstrology,"上海招聘",163170,
32781,"上海求职与工作交流小组",21057,
289050,"上海实习小组",21877,
free2event,"让我给你当摄影师好了",50800,
Microstockphoto,"自由摄影师",10038,
shareyou,"摄影&后期资源分享中心",105837,
portrait-bj,"豆瓣摄影",27011,
gztianhe,"广州天河",10285,
Instagram,"Instagram",199430,
501224,"海南青年旅舍丨三亚丨自助游约伴",41887,
gz,"廣州豆瓣:我们并不拥抱",97123,
gzjob,"广州招聘",51583,
23269,"慢游 广州",10264,
gzbook,"广州书缘",14971,
gzfood,"食在广州",32801,
guqin,"古琴-清微淡远",15040,
532512,"成都兼职",15145,
LongLegs,"气壮山河柔情似水的170+女",13376,
gz020,"广州租房（推荐度★★★★★）",89830,
168726,"深圳招聘",69287,
WZDBJ,"豆瓣互帮小组",46867,
zhaogongzuo,"广州兼职❤招聘❤求职❤",32223,
240725,"身高185+与185+控",30350,
banjia,"广州合伙租房那些事",10719,
341127,"广州二手",13003,
531415,"【求勾搭】爆照恋爱交友旅行艳遇",26158,
571820,"大学生兼职实习Θ校园招聘信息交流",26790,
aiai180,"我们180CM+我们就喜欢矮个子女孩！",15272,
mature,"我们都是熟女控",18037,
mini150cm,"150cm Beauty   小个子爱美丽",25813,
polaroid,"Polaroid不撒谎",21414,
DarkRoom,"暗房",11560,
wxdanshen,"无锡人单身部落",11164,
wuxi,"无锡豆瓣",20799,
558444,"【最靠谱】上海租房",25020,
559483,"【母婴之家】怀孕&育儿&亲子早教",23282,
559275,"【户外之家】旅行&旅游",19721,
559391,"★最靠谱的微整形",18791,
dian12,"深圳男女",13297,
HZlove,"杭州最靠谱的谈恋爱小组",39096,
sz-love,"深圳最靠谱的恋爱小组",50300,
16547,"深圳 相亲会(单身男女都来看看啊)",13146,
PENTAX,"PENTAX",19490,
whver,"新西兰打工度假WHV指南",10529,
nanshanzufang,"深圳南山租房（推荐度★★★★★）",33076,
551524,"武汉租房大全【推荐★★★★★】",40347,
553117,"北京兼职、全职、招聘",38638,
554487,"福州兼职、招聘信息交流",19550,
552793,"网络兼职  【免费求职E招聘E实习】",40743,
550436,"☀北京租房信息大全",52764,
551531,"☀杭州租房大全",48489,
551532,"♣豆瓣南京租房大全",39175,
13596,"美国研究",14006,
lina0305,"图片素材社",14306,
desingerfinder,"平面设计师 求职/招聘",14965,
tupian,"我们都是图片控",59418,
cng,"中国国家地理 CNG",21229,
413491,"好妹妹",11840,
tongyang,"痛仰",35269,
386703,"平面设计 网络私活  兼职",25518,
EditingArt,"猫田的后期制作学习小组",11790,
144956,"我的青春，也不是没伤痕",28382,
Channel,"Discovery Channel 探索频道",17794,
142995,"你忘了回忆，我忘了忘记。",10759,
23330,"弘一法师李叔同",11057,
news,"新闻学",10734,
146701,"佛教文獻",13365,
littlethingmag,"Little thing 恋物志",17538,
newsisshit,"新闻传播学考研",10026,
63975,"CAD学习小组",16930,
plot,"企画 企划 策划",15236,
omnipotence,"土木工程",14584,
70612,"我们是学术女",57450,
auyeung,"欧阳应霁",11498,
tibetbuddhism,"西藏文化",15271,
postgraduates,"研究生們：只身打马过草原",90719,
NapCafe,"Nap Cafe x 黑法师",12346,
324189,"豆瓣考研（2017年!）",34088,
240355,"考研资料",40490,
wokaoyan,"考研",149699,
kaoyanren,"2013我们曾经一起考研",11820,
kaoyan_2010,"我们的2010、2011（考研）",13295,
lianyue,"连岳",18827,
sephora,"SEPHORA",13289,
177749,"考研英语学习",21284,
PETA,"善待动物组织(PETA)",13608,
cat,"爱猫俱乐部",288302,
vegbook,"素食书香",20222,
lovelydog,"爱狗俱乐部",137471,
yixuesheng,"医學生",12017,
moeo,"宠物领养",96137,
adoptcats,"为猫猫找个家",24826,
catcat,"猫",64564,
MED,"医学",12690,
84926,"I ❤泰迪",18322,
adoption,"上海宠物救助领养Adoption",11395,
SHCat,"上海爱猫俱乐部",10203,
30464,"金毛最乖",17480,
364615,"狗狗猫猫领养中心",13154,
411899,"我们就要找医生搞对象！！",16319,
97924,"周易算命馆",30234,
cxg,"我们就是爱算命",12294,
130760,"紫微斗数资料室",21748,
shouxiang,"就是喜欢看手相",10631,
mianxiang,"面相测试馆",15237,
264368,"爱宠物乐园--宠物转让赠送领养天地",20850,
guangyisushi,"广义素食者",14223,
tarot,"塔罗占卜交流",22651,
freetarot,"辣手摧花-免费塔罗占卜",30839,
204400,"青城塔罗运势小组",23820,
lie_to_me,"Lie To Me*别对我说谎",19955,
305062,"小乖麻·根登卓玛",11552,
310024,"西安兼职【求职招聘找工作】",14078,
HouseMD,"House M.D.",10333,
sheldon,"Sheldon@The Big Bang Theory",31542,
BigBangTheory,"The Big Bang Theory 生活大爆炸 TBBT",88497,
511660,"来自星星的我们—译典园翻译小组",14040,
Quartz-Crystal,"水晶控",12025,
friends6,"老友记",63380,
210756,"珠宝鉴定爱好者",17952,
GossipGirl,"Gossip Girl",52810,
meisi,"曼德（Mando）外籍语言交换",10997,
conan,"柯南俱乐部",29701,
RagBear,"破烂熊乐园",10231,
shafake,"沙发客",20495,
uktv,"英剧！英剧！",106348,
britishaccent,"我爱英式口音||人数上限已上调",35484,
skins,"Skins",14843,
71879,"狂爱英音",11924,
yading,"稻城亚丁——永远的香格里拉",13598,
french,"法语",23526,
newmystery,"谜诡",13662,
149840,"推理悬疑小说交流区",14951,
agatha,"阿加莎·克里斯蒂",18024,
lost,"迷失LOST",11443,
Keigo,"东野圭吾",34824,
jotel,"四川旅行分享",11392,
partimetrans,"翻译大本营",10413,
344758,"非牛人学英语四.六级",31164,
493081,"客观人士",16702,
299259,"互联网圈内靠谱招聘|实习|内推",37973,
elbert,"北京实习生小组（互联网）",12268,
miluderen,"留一手后援团",11321,
Ijob,"互联网招聘",13855,
410277,"Audiobook英文有声读物小组3",29380,
151159,"奶爸的英语教室官方BBS",50754,
212977,"证券从业资格考试",10788,
314094,"初级会计考试",11747,
321366,"会计证（会计从业资格证）考试小组",32709,
277576,"CPA注册会计师",39333,
77222,"会计人咖啡屋",93941,
155330,"招聘/猎头 ★微信号wen_anbaobao★",22053,
472973,"理财",14937,
female2,"女性的成长 | 成为更好的自己",15874,
acca,"ACCA",15760,
10511,"女性意识与成长",20006,
CFA.G,"Fighting!  CFA",19799,
WOX,"“女权”是权利的权！然后呢？",35991,
zzzx1,"就怕流氓有文化",57344,
greader,"SB文章研读",15842,
290001,"美之实验室",10209,
supershopping,"团购完我就喜极而泣了！",15705,
XXXXXXXX,"治愈系",10565,
cajole-uncle,"我們愛勾引怪蜀黍~",12754,
NBA,"NBA",86243,
mooonset,"SD原单强迫症疗养院",15339,
573696,"PiaPia团✿团购",10352,
oldboy,"叔叔我们来讨论爱情",12864,
luyu,"喜剧之王陈鲁豫",18101,
589704,"自由吃瓜基地",19780,
559655,"装逼吐槽八卦社",29463,
sfw,"科幻世界",61673,
416079,"叔组",54331,
393455,"帮友邻找对象小组",23665,
Culturaltrip,"加入这个组你也会有大叔(招管理员)",19127,
362263,"对象太他妈难找了党-单身凸^-^凸",15455,
369215,"我们结婚吧",10752,
taohuayun,"♥加入这个小组 你就会走桃花运♥",72009,
refill,"重估一切價值",21570,
129791,"武汉80后单身男女乌托邦",15475,
sanya,"三亚豆瓣",17835,
162001,"信仰探讨及其它",27483,
hankou,"汉口豆瓣",14231,
wuchang,"武昌·这里有你最好的时光",22280,
AdidasOriginal,"三叶草",10412,
dunksb,"NIKE DUNK SB",10457,
new9z,"《九州幻想》杂志小组&冷笑话收藏",14645,
263429,"三亚旅游、三亚自助游小组",11033,
wuhan,"武汉豆瓣",131088,
whstudent,"我在武汉上学",10215,
105107,"潮牌俱乐部",19900,
sencond,"武汉二手",23524,
whblog,"吃喝在武汉",28278,
wuhanjuhui,"武汉聚会",13272,
WHlove,"武汉最靠谱的谈恋爱小组",42270,
generalstudy,"自我通识教育",17255,
121625,"武汉兼职",29897,
12136,"宗教与哲学",27990,
converse,"CONVERSE",14661,
whzp,"武汉招聘求职圈子",24614,
134539,"武汉租房",21112,
haikou,"海口豆瓣",17619,
lygx,"讲座录音分享",31750,
WHjob,"武汉招聘",13635,
photoer,"武汉摄影",16823,
AirJordan,"Air Jordan",14448,
whu,"武汉大学",11977,
voxbar,"★VOX  LIVEHOUSE★",12716,
66573,"歌词服务社",18383,
278964,"煲汤实验室",29646,
70021,"午饭吃什么",10748,
tianjindouban,"天津豆瓣",31880,
soups,"我们爱煲汤",15372,
greenlife,"像植物一样生活。",11727,
357597,"工资太他妈低了党",21276,
slowdown,"慢下来，等灵魂赶上来",18381,
hust,"华中科技大学 | HUST",15935,
deguoliuxue,"德国留学",26232,
deyu,"德语 德国",16304,
german,"德语Deutsch",67970,
DeutschGerman,"我的德语笔记本",30372,
deutschland,"留学德国",44494,
177817,"天津兼职",10876,
250245,"德语自学小组",21748,
495788,"我要去这里工作",11636,
t-dream,"微信寂寞啊（关注组长能进来）",26416,
lvtea,"若茶",12723,
wexin,"微信",124900,
tongji,"同济大学",13614,
jf,"Ю日系团--日は団を結びます",14200,
350900,"天津最靠谱的谈恋爱小组",14191,
14278,"80年代单身俱乐部（天津地区）",17433,
200637,"天津吃喝玩晒小组",13595,
tianjinleisure,"吃喝玩乐在天津",15541,
dleat,"吃喝玩乐在大连",42323,
zhongwenxi,"读中文系的人",23942,
k-dalian,"大连没事出来玩",23870,
dalianln,"大连豆瓣",28167,
dlsp,"大连软件园&高新园区",10919,
nasha,"天津内嘛",44097,
gdqj,"古典·情结",14407,
eusuee,"古诗词世界",147980,
224008,"早晚一天变皇冠（淘宝创业篇）",12162,
gaosan,"我念高三了",13188,
highschoolstudy,"高中学习互助",11401,
SkinnyPeople,"纸片人",21041,
fattie-go-lucky,"胖子反省小组",57599,
235112,"寂寞就读书✎摘抄录",26225,
flowing,"读一本书 爱一个人 过一生",73384,
254352,"阅读摘抄",10923,
benweimo,"文学青年爱文学",16505,
234201,"午后散文",14414,
384541,"我们不知道读什么",11971,
shortstories,"短篇小说分享组",49920,
ExcelMaster,"Excel 大师",65163,
281848,"外国中短篇小说",16456,
241691,"说服力-让你的PPT会说话",27529,
Appstore,"App Store",13441,
fans,"豆瓣fans",11274,
scu,"四川大学",16112,
generation7080,"70年代末80年代初生人",22787,
seventy,"七十年代",13419,
appleipod,"iPod",10512,
Pod,"Podcast讨论交流",12233,
Browning,"【我要男朋友】这是我们的时光机",13494,
b-things,"寝室里的那些b事儿【禁广告】",45345,
SeekLoveOut,"YouTube  *VideosOnline*",24928,
zhihu,"知乎",20935,
linkinpark,"Linkin Park",26399,
renjiguanxi,"人际关系洁癖症",19629,
yaoqing,"邀请码分享",66699,
10266,"高级科普",38277,
Eminem,"Eminem",12090,
vv_is_here,"AVRIL LAVIGNE' S HERE",10160,
yaoqingzhuce,"邀请码",59228,
weibo,"新浪微博",15077,
aiweibo,"我们都是微博控",12494,
11406,"玩干你的脑细胞",36788,
265550,"佳能单反讨论小组",19335,
111486,"谋杀无聊的小游戏量贩!",41587,
bestsoftware,"游戏攻略",13693,
how_to,"原创【壹】号",16500,
recommend2,"电影推荐",12464,
NJlove,"南京最靠谱的谈恋爱小组",28414,
182822,"夜猫的世界．☆．∵",67419,
i-love-nankinge,"不說南京話我會死！",10260,
hongmi,"红迷",10233,
13270,"红楼梦中人",16685,
psp,"PSP",12637,
tangqigongzi,"唐七",11158,
XYW,"辛夷坞",12069,
24966,"香港豆瓣",22339,
xianjian,"仙剑奇侠传",15962,
37371,"香港大學",10474,
31296,"澳门豆瓣",17119,
zhuhai,"【珠海豆瓣】",24937,
youaomen,"旅游在澳门",10301,
p-studyinhk,"考研去香港",27909,
307028,"香港八所大学研究生申请",26094,
taiwan-travel,"台灣自由行",102013,
gotaiwango,"我要去台湾",62164,
db-tw,"台灣豆瓣",28612,
sysu,"中山大学",13467,
fromtaiwan,"转角，遇见台湾",16953,
CUHK,"香港中文大学",15817,
diyliuxue,"留学-我只靠我自己",20006,
TaiwanExchange,"赴台交换生&留学生",25452,
taipei,"台北好好玩",10637,
293845,"周杰伦演唱会门票转让及求购",17502,
yangzhou,"扬州豆瓣",10267,
aletter,"一个陌生人的来信◎互寄明信片",79503,
145565,"我们都是淘宝卖家",14007,
self-culture,"自考豆瓣",12027,
25336,"GRE,GMAT&LSAT大家庭",14280,
letter,"親愛的，你還寫信嗎？",27485,
404009,"既宅又腐，前途未卜",43727,
welovegay,"I❤Gay朋友",26067,
gayman,"找个gayman做闺蜜",28122,
LFGgm,"les，腐女，gay，腐男，来做闺蜜吧",16890,
postcrossing,"明信片国际交流 PostCrossing",32797,
NEX-5C,"微单相机",31011,
ProductManager,"互联网产品经理",25424,
301643,"形婚同志拉拉群",14944,
339319,"穷游情报",10362,
183459,"爱情糖果攻略",11890,
304900,"高情商女人练就方法",21712,
behavior,"如何与众怪兽相处",14696,
lianzi,"我想好好练练字",11475,
EQ-improver,"情商提高小分队",15089,
126160,"使用钢笔联盟",26237,
happyqd,"青岛豆瓣",45132,
findtsingtao,"发现青岛",11795,
qingdao,"吃喝玩乐在青岛",19668,
134494,"假装情侣（青岛）",21107,
352142,"青岛最靠谱的谈恋爱小组",13508,
ilovelamy,"我爱LAMY",18606,
moleskine,"Moleskine",10278,
174191,"硬笔书法",10509,
nj,"〓女儿国〓豆瓣GIRLS",14355,
shocking,"当时我就震惊了！",10275,
11463,"爱书法",15863,
ha-no-point,"笑点很奇怪",199112,
mm80,"80后女生的糖罐头",64724,
BIGBANG,"BIGBANG'S VIP",14758,
universalcrazy,"时尚也疯狂!",87002,
365875,"想不想很多人陪你群聊微信！",22353,
duanxin,"想不想很多人给你短信温暖！",20104,
faduanxin,"憋死我也不给你发短信。",63167,
shenma,"临睡之前找个人发发短信玩™",22136,
goodmorning,"你想不想早上有很多人叫你起床",48296,
qunfa,"想不想很多人帮你群发短信！",17718,
27115,"汉服",10330,
26033,"日本文化系列",21498,
201001,"人生的意义在于电视剧",17720,
gdx,"我们都要在合肥搞对象",12952,
bach,"J·S·BACH 巴赫",21483,
10481,"古典音乐",106251,
yunshui,"方寸点滴----明信片交换小组",22118,
icardyou,"I Card You 明信片传递",41578,
postcard,"我爱明信片",75535,
photo_show,"摄影爱好者",13007,
nomoneynolife,"我出国并不代表我家里有钱",10852,
320130,"每天一首古典诗词",102029,
macgames,"Games for Mac / Mac游戏下载",13757,
152921,"郑州80后",12319,
236812,"郑州最靠谱的恋爱小组",18236,
zhengzhou,"郑州豆瓣 | 乐在其中",42073,
theSims,"模拟人生",24484,
204908,"郑州小吃",13386,
306091,"吸血鬼日记The Vampire Diaries【2】",11145,
pansex,"泛性恋",12513,
72895,"MacbooK PRO",10644,
292658,"每次出门我都很纠结",11268,
novoland,"九州幻想@电影",14407,
36958,"不正常人类研究中心",35427,
liucixin,"刘慈欣",17051,
godgoddess,"【爆炸】赐我男神女神",46436,
jiaju,"蘑菇爱家居 mooogu.cn",37991,
510760,"我们都爱大胸妹",41820,
household,"家居党—家居知识NO.1小组",35079,
187330,"创意",132687,
11239,"沈阳豆瓣",15630,
yinmou,"阴谋论症候群",13590,
withoutyou,"我今天长这样",96931,
sydb,"沈阳—豆瓣组",40982,
55015,"神经衰弱&失眠狂人&精神分裂&狂燥症",11810,
hellosleep,"睡吧 - 和失眠说再见",17404,
KobeBryant,"Kobe Bryant",11272,
qianmingdang,"曾用签名档",14857,
rouniu,"肉妞儿",32518,
qfatty,"就喜欢肉呼呼的妞",20736,
36093,"最爱胖女人",16004,
mu-ma,"这句歌词击中我",13802,
124711,"社会阶层及趣味 Social Class and Taste",25605,
njjob,"网络招聘、兼职、全职全能小组",37879,
WEIPANG,"微胖女生最迷人，大家一起努力找",20417,
49824,"wow小白小组",13405,
stevenxue,"铅笔经济研究社www.impencil.org",14739,
NanJingjob,"南京招聘",24327,
229090,"CPA考试同行者",11736,
176427,"CPA在路上……",31570,
352686,"南京租房",11073,
aihuoche,"一个人火车旅行【微信号aihuoche】",49160,
zf365,"南京租房豆瓣",38366,
jianzhi,"南京兼职【最靠谱求职招聘实习】",17532,
130457,"会计白骨精修炼",27064,
206075,"会计初入门",11917,
18180,"英文有声小说（English Audiobook）",18585,
Des-housewives,"绝望主妇—Desperate Housewives",16388,
jewelrydesigner,"2016 珠宝|首饰|设计|转手|交换",15139,
yushi,"我们喜欢玉石",17128,
126580,"英文原版读物PDF交流组",11232,
Sherlock,"神探夏洛克 （Sherlock）",85633,
TwoBrokeGirls,"2 Broke Girls  破产姐妹",12204,
TheWalkingDea,"The Walking Dead 行尸走肉",15697,
asoiaf-plot,"HBO剧集 冰与火之歌 － Game of Thrones",38140,
thebigbang,"天才爆炸英语",38031,
Ice-Fire,"冰与火之歌：权利的游戏",14871,
Stark,"冰与火之歌",32220,
Greys-Anatomy,"Grey's Anatomy 实习医生格蕾",21192,
ireporter,"我们是记者",10710,
economicspoets,"经济学独立团——经济学短篇阅读",23659,
Doreamon,"哆啦A梦",20130,
lifeconomics,"生活经济学",18986,
maidou,"麦兜",20045,
11373,"狂爱樱桃小丸子",19826,
opencourse,"名校公开课程",34097,
weareboss,"我们开店吧",13538,
234762,"长沙我们约会吧",10981,
11335,"小王子",20579,
146272,"BEC",36539,
changsha,"长沙豆瓣",70768,
Coursera-er,"Coursera Learning Platform",20983,
partime,"成都招聘",57329,
204192,"长沙招聘",14521,
502755,"骑友集合站",18408,
343477,"成都租房",13679,
10560,"龙应台同好",12135,
20618,"西双版纳",10196,
303191,"TOEIC托业考试",11293,
kedouwuxianpu,"蝌蚪五线谱",30445,
39383,"她是柴静",12651,
lenaxin,"好时髦的微整形小组",31240,
hezu,"中国好室友❀成都合租房",22797,
179742,"我们是花粉",17417,
97697,"我要整形",29015,
weizhegn,"臭美妞儿的微整形地盘儿",17826,
zhengrongshu,"整容术",58155,
260604,"人人都割双眼皮",25457,
shanghaiershou,"上海二手市场",11265,
lixinpin,"像李欣频那样的女子",18266,
341132,"上海二手",27439,
shop-around,"上海跳蚤市场",24731,
R,"上海二手_咦?没有发布衣物饰妆品的?",16295,
210838,"整形美容吧",14122,
223097,"整形",12309,
13883,"长沙FB豆",12340,
48574,"我在长沙念大学",30947,
169210,"微整型交流会所",11783,
beijingGuitar,"让我看见弹吉他的你",21680,
86297,"只谈经济管理还有赚钱的事",28819,
soholife,"网络赚钱--自由自在的soho生活::V4EX::",17945,
140859,"第一财经",12081,
omnipotent,"万能青年旅店",21596,
532668,"微信群交友",12858,
phoenixtv,"凤凰卫视",22233,
minyaobang,"民谣帮",17277,
203330,"李志！动物凶猛得很",11172,
RaymondCarver,"雷蒙德·卡佛",10007,
174832,"月亮小组组务论坛",11273,
183618,"插画（AI International）",12111,
142121,"我们代表月亮消灭居心不良的乐手",16646,
xinzhoukan,"新周刊",35468,
xuwei,"许巍",24906,
241177,"深圳二手闲置",13972,
pu-shu,"朴树",17096,
chet,"开心恶人谷",13853,
szyoung,"深圳文艺青年",16443,
futianzufang,"深圳福田租房（推荐度★★★★★）",21635,
24437,"新西兰华人豆瓣小组",18965,
life520,"深圳 读书就像呼吸那么自然",19568,
sz80,"深圳80后",51675,
kx,"宾得Kx风骚团",11215,
ringo,"椎名林檎",13486,
nana,"矢泽爱&NANA",15689,
loveclub,"深圳单身",27198,
522698,"深圳偶遇吧--交友&男女缘分对对碰",10523,
oneweeklove,"深圳-假装恋爱一星期",20046,
sz520,"深圳单身色",15083,
84068,"疯狂的◎＿◎拍立得Camera",13671,
12674,"久石让",44545,
117226,"底扫",10611,
azhil,"单身交友聚会",22189,
fuzhou,"福州豆瓣",34558,
ganji,"单身交友俱乐部",22910,
jidi,"寂地 一起在路上",15265,
changchun,"长春豆瓣",33188,
jluer,"吉林大学",10660,
569972,"【微整形】整容之家",13531,
njjianzhi,"南京兼职【求职+招聘+实习+找工作】",24861,
532010,"求勾搭求约会求交友求脱单禁约炮",12373,
269571,"广州工作、兼职",12557,
szsh,"深圳租房（推荐度★★★★★）",54462,
szjzw,"深圳兼职网",15342,
544833,"慢交友(兴趣恋爱靠谱勾搭绝不约炮)",45168,
SZjob,"深圳求职招聘",11247,
panyuzufang,"广州番禺租房（推荐度★★★★★）",10318,
baiyunzufang,"广州白云租房（推荐度★★★★★）",10825,
553761,"泰国佛牌/佛牌/代购泰国减肥药",15318,
384991,"桂林阳朔很多人客栈 自助游攻略",25126,
zu.gz.soufun,"广州租房交友（原毕业生租房）",10866,
yuexiuzufang,"广州越秀租房（推荐度★★★★★）",24949,
haizhuzufang,"广州海珠租房（推荐度★★★★★）",27990,
gz_rent,"广州租房",35634,
tianhezufang,"广州天河租房（推荐度★★★★★）",58897,
102430,"我要高大的男朋友！",20104,
cm180,"180男生",31827,
gaoger,"我们单身~我们是170+女、180+男",27350,
254651,"佛牌古曼同学会",11148,
GZjianzhi,"广州兼职(≧◇≦)招聘(≧◇≦)求职",25756,
gzworking,"【 】| 广州找工作",18394,
cantonese,"粵來粵正",17532,
532513,"杭州兼职",15523,
532515,"南京兼职",14936,
specialedition,"发现广州",12025,
GuangZhoulove,"广州最靠谱的谈恋爱小组",60857,
liveinguangzhou,"吃喝玩乐在 · 广州 · 深圳",23081,
167132,"FotoDreams 北京摄影",11224,
qicai,"摄影器材专用讨论所",132419,
aihezu,"北漂爱合租（租房）",16956,
88070,"合租信息交流",16622,
87938,"在杭州找工作",13869,
63622,"法律英语 Legal English",15140,
95814,"80后,杭州毕业,杭州工作",22913,
jobinshanghai,"招聘（上海）",45213,
78996,"相亲拉上海",10349,
ezzuo_com,"上海交友中心",10560,
shanghailove,"上海最靠谱的谈恋爱小组",20930,
passsikao,"不过司考我会死！",17948,
208524,"国家司法考试",16860,
576894,"杭州兼职、实习、招聘",14218,
187594,"上海夜生活",15192,
in-shanghai,"吃喝玩乐在上海（微信in-hanghai）",56716,
159755,"上海单身男女",50200,
lawyer,"律师",15958,
city-of-law,"法律人的城邦",11883,
lawreview,"豆瓣读法",11385,
133266,"乐活上海-同城单身交友聚会活动",13277,
yuyintang,"育音堂",10532,
sh.activity,"上海同城活动^^",26337,
shanghailvyou,"从上海出发的驴友盟",11719,
117546,"上海技能交换",37384,
351619,"西安最靠谱的谈恋爱小组",10779,
towords,"拓词-少壮不努力，老大背单词",25880,
fanda,"反搭讪学",11372,
dashan,"搭讪学",95121,
xianmeishi,"西安美食",17710,
148995,"西安单身",37079,
xiannannv,"西安男女",31209,
23983,"吃喝玩乐在西安",23640,
xianexchanging,"西安易物♥Love Xi'an",10476,
YESHEN,"衣物品捐赠",12017,
16533,"帮助大山里的孩子",21134,
doubangongyi,"豆瓣正能量 公益/慈善/志愿 最活跃",29459,
baobei,"西安驴友俱乐部",15687,
xayg,"西安义工联盟",13138,
kaolaxiaowu,"考拉小巫居之考拉早起队",20169,
19831,"英文网站推介",41773,
yoursandmore,"闲置和全新特卖场",11836,
Urumqiers,"新疆乌瓣：乌鲁木齐",12694,
midi,"迷笛",102305,
rock,"中国摇滚",55323,
sorock,"《我爱摇滚乐》",22905,
W.E,"实况足球",11127,
180095,"草莓音乐节",33473,
393142,"闲置跳蚤集市",11929,
peclub,"私募股权（PE）俱乐部",28634,
335610,"love ほぼ日，love life",21271,
Jason_Mraz,"Jason Mraz",12040,
damien-rice,"Damien Rice",15762,
hkindiemusic,"香港独立音乐",14820,
cup,"平胸族",13713,
asuraflower,"女性理财投资第1組",63247,
JoannaWang,"Joanna Wang | 王若琳",11977,
mylittleairport,"my little airport",13907,
ohohno,"呻.....吟....组",17725,
407193,"帮帮组™加入这个组就有人帮你了！",15152,
28453,"慢热派",14226,
offer,"加入这个小组 你就会拿到Offer",11850,
qiangzhuang,"我要增肥！",14777,
minimalists,"极简生活",40876,
168861,"不持有的生活之道",14826,
ieye,"单眼皮&小眼睛",19166,
Pro-PT,"职业健身教练@改变自己和世界",24181,
fitness,"健身俱乐部",103873,
25675,"不靠谱文艺青年",10543,
jianshen,"科学健身",165063,
yimamiao,"姨妈庙——加入了你就会有大姨妈哦",11799,
154849,"股票，只谈股票",16145,
153079,"股票技术分析",17859,
70421,"加入这个组你就会理财了！！！",14228,
stocks10000,"基金和股票",32366,
MChelp,"陪妳渡过大姨妈或产后恢复",13385,
kaopus,"能靠点儿谱吗★重新发现世界",34042,
386283,"Pump it up & insanity",15363,
painmc,"痛经的女人是忍者",13456,
fairy,"中医妇科",17992,
tampon,"女性主义♀小棉条儿",11881,
ABCDEFGHIJKLMN,"我是XXX，你们有什么想问的？",49257,
497393,"我是姑娘，我有肌肉",20574,
296543,"艾灸与中医养生",21460,
310574,"远离妇科病 做女人要干干净净",10603,
545697,"瘦腿翘臀BY健身（公众号：fitness_d）",15101,
insanity,"insanity 63天脱胎换骨小组",24638,
day45,"45天运动+饮食减脂精英研究院",37113,
befit,"其实你可以更美",21694,
79870,"撇大条不能的年轻人天堂--便秘家族",12776,
528583,"肥米要环游世界",51242,
528383,"南書房",50837,
528371,"海章钢笔画",50171,
528593,"小阅读",49222,
528590,"红姨的养生食坊",48238,
Post-Rock,"PostRock 后摇聆听",18418,
bw0766,"我们都很任性（女人 晒图 交友 ）",49643,
516876,"豆瓣好胸妹(先+微信：banma15)",44914,
531651,"【晒XX】女神来了-√搭约会不羞涩",21523,
503950,"求勾搭，最靠谱的恋爱小组！",195039,
249340,"时尚前沿",122078,
sanbaier,"♥生活-家庭 ♥",114268,
oscarhat,"我们都是帽帽帽兜  帽子控专属地",113060,
391958,"凤凰淡墨",102224,
377344,"桠溪镇",101388,
514306,"电影互动",69018,
10590,"无法抗拒的王尔德",25938,
aizhiwu,"多肉植物",42035,
tuoshuitie,"脱水帖精选，手机党福利，直播备份",13572,
463477,"多肉植物交换部落- -大家一起换肉肉",10090,
394322,"八卦来了",48329,
131925,"我们上天涯，我们很八卦",22006,
519461,"美女",16910,
evilstore,"【恶魔商店】",11639,
moss4fun,"养苔藓玩™",18430,
261092,"我们都是内衣控呀内衣控。",10867,
ShutFuckUp,"史上最沉默小组",12874,
209095,"高压锅爆炸",17746,
11845,"同是纽约客",19256,
turbo,"汽车之家",21059,
NYfun,"纽约活动交友小组",12577,
51046,"Volkswagen 大众汽车",10832,
Automobile,"车盟—汽车电影",16384,
mindfucking,"人间动物园",19581,
167544,"豆瓣车友会",16966,
Economists,"经济学人",45217,
blogger,"blogger",12724,
11388,"科学哲学",11573,
82657,"我爸爸老了，但是他很酷！",20007,
haomama,"我是好妈咪（宝宝&怀孕&育儿&母婴）",34730,
zhufu,"宝宝妈妈怀孕育儿",48280,
253547,"准妈妈交流群",11724,
535622,"母婴妈妈之家—分享折扣交流",10415,
opps,"开放式教育资源共享协会",11745,
86989,"上海译文出版社",10565,
294915,"妈妈宝宝育儿经—胎教早教亲子圈",20054,
256167,"耶鲁大学开放课程 YALE open course",11432,
Anti-Parents,"Anti-Parents 父母皆祸害",117552,
criminal_minds,"Criminal Minds",15338,
babyangel,"儿童心理发展与教育",12820,
HAPPIYUPPI,"我想开书店",29696,
inde.books,"独立书店",15609,
dm,"数据挖掘",13187,
devi1,"重口味",11139,
173252,"浦东租房专区",19507,
Witch,"·女巫集会·",13692,
zufan,"上海租房@长宁租房/徐汇/静安租房",57889,
467799,"上海租房@房东直租",30394,
homeatshanghai,"上海租房---房子是租来的，生活不是",104402,
shzf,"上海租房（不良中介勿扰）",82670,
bizarrenature,"詭異的自然",11463,
355054,"留学加拿大 I'm coming",17814,
woquaozhou,"澳大利亚留学（澳洲留学）",10317,
australia,"澳大利亚",30958,
Multiverse,"平行宇宙",12954,
melb,"墨尔本的豆瓣",19047,
Sydney,"悉尼豆瓣",12628,
jiuxingrenge,"九型人格",13420,
wacom,"数位板哒人集中营",10786,
Doushimingxing,"葫芦屯",13132,
INFP,"INFP的淡色彼岸",11940,
intj,"INTJ (Introverted.Intuitive.Thinking.Judging)",12249,
yangtomuloving,"豆瓣中医美容护肤+微信平台linjingxueM",44633,
sbclub,"哎呦！我他妈真是一个傻X",19790,
boylove,"本少要给自己找BF❤Gay",78961,
fly_vs_free,"抑郁",29273,
guangying-g,"电影同志",13283,
ChestMuscle,"胸肌控ver2.6",10816,
alonegay,"只是单身只是GAY",16420,
195050,"我不要做单身的留学生！！！！",27965,
197286,"养生之道，从年轻做起",12832,
TCM-Healthy,"中医养生豆花坛",17730,
tcmfans,"中医爱好者",14364,
137385,"豆邮(1)",19890,
424898,"发现适合你的美丽，找风格，挑搭配",14513,
breasts,"胸型管理",10912,
22079,"高跟鞋联盟",15426,
fakestraight,"伪直男",14107,
guimi,"no秘密的闺蜜圏",13256,
modern,"时髦&摩登&复古",37884,
changtoufa,"我爱长头发",10459,
heysam,"头发偏执狂",35491,
210763,"我的发型我的头等大事",18007,
guiyang,"贵阳豆瓣",14535,
103878,"淘宝有好货，[学穿衣，学生活]",10934,
87648,"间歇性心理低潮症",12197,
IELTS,"雅思考试复习小组",31481,
IELTS_Writ,"雅思写作",19466,
IELTS_7,"雅思7分",19387,
ieltsgroup,"雅思同步互助",143853,
canvasshoes,"我们爱穿帆布鞋",28934,
20686,"考G考T",11102,
TOEFLibt,"小站托福雅思交流",16644,
ibt-toefl,"TOEFL iBT",10228,
korea,"韩国语",41551,
LosAngeles,"洛杉矶(Los Angeles)豆瓣",10661,
koreagroup,"韩国留学-乐在韩国",19428,
lovefree,"济南单身青年聚集地",16014,
J-N-Students,"济南学生豆瓣",16942,
jn,"济南圈子",10491,
jinandouban,"济南豆瓣",38233,
bobolw,"爱上金牛座",33548,
bteu,"走遍欧洲",46724,
61581,"夜晚跑步爱好者乐园",32403,
HJJP,"沪江日语",11378,
riyu,"日语学习|日语交流|日本留学",34258,
jp,"日语天堂",25714,
jpchat,"日本語のみ",30651,
biaori,"新版 标准日语",10295,
JLPT.,"JLPT-日语能力测试",32382,
run,"跑友",26504,
Sagiters,"射手座",85175,
SagittariusGirl,"做一个强大有趣的射手女",22856,
dorama,"日剧fans",288540,
68535,"看日剧过生活",26191,
aries,"白羊座",84571,
161068,"摩羯研究協會",24058,
yamap,"山下智久",12939,
superleo,"狮子座跳公园",30408,
killc-apricorn,"摩羯男去死去死",20142,
XIAOHU,"摩羯男跟你说说摩羯座那点事儿！",17038,
27966,"上野树里(Ueno Juri)",16106,
141197,"我爱我恨水瓶男",24560,
67145,"双鱼+巨蟹+天蝎(水象星座)",67592,
juxienan,"我们都有巨蟹座的男朋友",13410,
cancer,"巨蟹座",116623,
geminigemini,"❤双子座❤♫♬",39461,
milianshuangzi,"迷恋双子男",17679,
104177,"双鱼+天蝎=永远",16614,
syz,"双鱼座到碗里来(不关注组长进不来)",63632,
384770,"天蝎男",14705,
66161,"天蠍座研究小组",16141,
foreverScorpio,"天蝎座",101010,
11508,"水瓶座集中营",29840,
makeforyourself,"自己动手做衣服",13030,
binfen,"自己做衣服，服装裁剪缝纫布艺DIY",24679,
DIYpaopao,"服装缝纫培训班",18123,
324911,"自学成裁Enjoy Sewing♥居家缝纫♥",62815,
11057,"影评人邪会",32903,
wuyechang,"《看电影·午夜场》™",51080,
Q.Tarantino,"昆汀·塔伦蒂诺",19739,
LIBRAPEOPLE,"上帝也是天平座",18075,
skilllearning,"北京同城技能交换1",27812,
susanmiller,"SUSAN MILLER",134818,
marks,"马克思盘讨论专用组.",13690,
ATSteam,"★星译社ATS★",113127,
225980,"Percy的星相研究",12660,
astrocaogu,"草菇@占星社区",18982,
astrologer,"占星大学堂",53690,
zhanlan,"北京豆瓣同城",25381,
vampire,"吸血鬼联盟",14250,
occult,"灵异豆瓣（非家具版）",21981,
tomorrow,"灵异豆瓣",267301,
lingyi,"真实的灵异经历",171468,
g,"鬼故事",48504,
223039,"二手数码&电器集市",18997,
huahuahua,"画画画",14767,
39459,"特异功能爱好交流协会",12074,
specter,"‖‖‖我们都是通灵人‖‖‖",11997,
sh177art,"上海绘画 画画 艺术",10792,
25679,"回避型人格障碍",78636,
43109,"我患有严重的社交恐惧症",14736,
Hikikomori,"家里蹲自救同盟",10022,
indieband,"独立品牌",24922,
letsdiy,"DIY",10003,
66764,"简笔画记录生活",11041,
physics,"物理学 Physics",35377,
sosilly,"大脑短路症候群",10593,
jazz,"Jazz",33362,
poobbs,"涂鸦王国",10474,
447362,"泰国",21391,
405899,"游走泰国",13844,
yelishi,"野史",22247,
anti-nc,"我不禁悲从中来",14866,
300345,"优质青年组",25749,
327787,"豆瓣推荐大杂烩",40929,
244197,"120恋爱急救中心",27950,
373516,"文艺2B青年",22783,
epicure,"大嘴吃昆明",10602,
311112,"表白特工队。",19427,
wenyifr,"文艺范儿 www.WenYi.Fr",22786,
child,"童话",10427,
puremath,"纯数学",12179,
83137,"间歇性失落症",60872,
Algorithm,"算法与数据结构",10537,
408377,"找个人来聊天",50719,
Dear-momo,"亲爱的陌生人。",104201,
hewozaiyiqi,"人类什么的真是太令人绝望了",12310,
246109,"哦？地球上竟然还有这种事？！",16299,
107856,"爱上红酒，就爱上了一种生活!",53075,
oil_pastel,"油画棒也行！",12766,
Impression,"印象派，后印象派及其它…",15091,
191708,"重庆好吃狗2.0",17380,
cq,"重庆豆瓣",70867,
351618,"重庆最靠谱的谈恋爱小组",18714,
ucity,"广州大学城",11539,
messiah,"犹太 宗教 哲学 翻译 出版",13298,
DavidFincher,"David Fincher大卫·芬奇",14948,
django,"Django",10335,
12323,"Al Pacino",10630,
tattoo1,"再不文身我们就都老了！",42109,
shoppingirl,"色卡会（护肤美妆）",13073,
ModernFestival,"摩登天空·音乐节",35320,
287979,"纹身必须要小小的",10824,
vim,"Vim",16304,
linux,"Linux",22814,
JohnnyDepp,"Johnny Depp",37476,
punch,"·纹身·穿孔·",26149,
tattoogirl,"我有这么牛逼纹身还是没爷们喜欢我",15829,
519099,"面膜排行榜",10753,
516789,"看电影，学英语",10128,
518674,"恋爱交友征婚",11357,
sanrenxing,"锵锵三人行",22387,
kj8fz,"开卷8分钟",10448,
googlereader,"Google Reader",14234,
gmail,"Gmail联络组",21626,
edwardnorton,"Edward Norton",12591,
art,"看展览",97323,
googlechrome,"Google      Chrome",41720,
dbapi,"豆瓣 API",23155,
Before,"课文回忆录",15803,
woodyallen,"Woody Allen",13331,
10658,"北京最靠谱恋爱小组－(组长也单身)",92133,
the80S,"北京青年",51040,
beijing,"吃喝玩乐在北京 - appstore搜:say",403249,
feel_beijing,"感受北京",45800,
beijinggonglue,"老北京旅游攻略",14093,
maolive,"MAO livehouse",17205,
yoga521,"◇我爱瑜伽◇Ⅰ",10570,
dota22,"DOTA2",12844,
douban_wow,"魔兽世界",64486,
DOubanTA,"DOTA的无数滴血",39982,
toufa,"人人都爱好头发",185312,
youpifu,"油皮肤&痘痘&黑头",284276,
doubanlol,"英雄联盟(LOL)---跳起来就是一掌",58792,
sanguosha,"三国杀",35011,
tcm,"中医",379104,
dayima,"大姨妈(女性生理问题研究所)",319273,
insidestory,"掀起你的内幕来 / 微信公众号wocao70",574200,
loveface,"☺面膜党",290615,
blackeye,"化妆品 美容护肤测评 ☺微信号:hzhf00",498616,
chen19891018,"我们什么都聊",320994,
asshole,"我总觉得自己就是一个傻逼",1167486,
bra,"All about bra | 关于bra的一切",355745,
junkosayno,"拒！绝！妇！科！病！",154515,
zhuangb,"文艺青年装逼会",602478,
taotaopaoxiao,"景涛咆哮组！！！！！！！！！！！",404945,
337905,"全球代购&海淘|微信号：dddai2016",255700,
449693,"美容护肤化妆知识",134182,
spoil,"我们什么都知道……一点儿weknooowit",629539,
10036,"我爱化妆品|化妆护肤微信号: d10036",706639,
18619,"IT招聘王",13722,
ucdchina,"以用户为中心的设计",16677,
internetpm,"互联网产品经理",14858,
creative2.0,"互联网创业2.0",122948,
cyb,"创业吧",22515,
movie,"爱看电影",325855,
classicreading,"经典短篇阅读【公众号:keeponreading】",708168,
coldknowledges,"冷知识小组",277604,
tao6,"剁手组 | 淘宝优惠券团购！",357321,
Sketch,"设计草图",25853,
myproduct,"产品设计-My Product",10253,
a,"广告人丶公关人",63391,
ohmymedia,"媒介与传播研究",24178,
IDmag,"国际设计杂志交流馆",114612,
MobileParty,"=手机党=の福音~|微信号MobileParty",137671,
211599,"投资、炒股、创业",12959,
137457,"我突然决定从今天开始改变自己",10878,
bjmedia,"北京传媒圈",12687,
194611,"=手机党=の福音~",15995,
40483,"价值人生 &  励志年代",12933,
shougong,"手工爱好者",115704,
113127,"日本料理学堂【禁广告】",139280,
103485,"今天我们上街不穿裤衩 __",92285,
earlybird,"每天早起一小时，网络课程天天上",141683,
mindmaps,"概念图&思维导图(心智圖)",16915,
399184,"我们都有秘密",79041,
402725,"记事本圆梦小组",100474,
Bookstar,"星星读书团，每周一本书",48805,
english,"英文原版书友会",148582,
30377,"寻找笔友(电邮)",20609,
10274,"佛学学习",95740,
143991,"英语口语学习(微信:997258529)",77220,
259997,"笔友-用信交流。",23645,
225759,"图书编辑、作者、写手、作家",10024,
books,"舊書鋪",93500,
E-Chatting,"English Chat",174711,
tg,"投稿与征稿",43757,
fightinspain,"战斗在西班牙",11904,
WORD,"单词单词我爱你",168791,
sgjypt,"你的书稿能出版",16181,
masterpiece,"人文经典阅读",65616,
167878,"从零开始 写作课",13885,
100021,"图书策划",12245,
16033,"剧本写作及电影讨论",18983,
306522,"【不去会死—沙发背包客】",30159,
loveyanzi,"姿迷天下",23546,
146846,"我们一起战“痘”！",21667,
tortoise,"我爱养龟|不要把玩龟！",11828,
27756,"英国留学",94008,
lifeweelky,"三联生活周刊",42355,
Tanya,"蔡健雅",17929,
72403,"我是护肤小白鼠~",22360,
infj,"人格 气质 心理",182293,
zhwikipedia,"维基百科 Wikipedia",87894,
mavis,"范晓萱100%",34900,
meipoo,"我们一起谈美容",20733,
garden1030,"养花种菜",44798,
Crime,"犯罪心理学",138589,
itest,"实用心理学 | 微信号：onexinli",56273,
71079,"电影制作研究------电影邦",42826,
yigong,"厦门青旅义工",35454,
Natural-Q,"超可爱的自然卷",12894,
174917,"女生混合型皮肤适用的化妆品",16191,
psychoanalysis,"精神分析",39315,
572040,"网络兼职★招聘★求职★大全",11392,
253825,"厦门曾厝垵义工",10512,
marykay1314,"与皮肤有关的一切",24996,
570774,"深圳兼职Ψ实习Ψ招聘信息",18020,
22220,"我觉得我就挺好玩儿的",59614,
295603,"美白&补水&疯狂达人组",24875,
33948,"不织布的世界",36968,
DIYFUN,"手工美丽馆",111738,
14824,"雷光夏",13169,
weare80s,"八○年代",88391,
fashion,"关于时装 Fashion",67228,
58151,"就是要美白",48472,
11832,"青年视觉",92132,
577418,"苏州兼职、实习、招聘",13672,
fashiondesign,"FASHION DESIGN & DESIGNER",10033,
255476,"美白+护肤",11842,
64563,"BUYER",10644,
Oh-no,"聊着聊着就没话题了",77053,
Unsleepless,"晚睡强迫症",90573,
desgin,"用思想创造视觉，让视觉改变思想！",54252,
chinaisgreatest,"国货护肤|微博上线啦请多多支持～",106861,
20297,"半途而废",20026,
flower_1129,"豆瓣里的买卖市场♥小站上线♥",73031,
Brit-Pop,"英式装扮讨论委员会",51437,
73987,"『我们就爱打击人』·进组看介绍！",59276,
59240,"经常受打击",54223,
findidea,"设计-生活-发现",33881,
43643,"安静地讲些故事，写些文字。",152158,
rebekah,"我能遇见你，已经很不可思议",117503,
173794,"正品折扣",66765,
daigouwang,"国外代购",35072,
NO1tuan,"我们一起海淘&代购☺微信号:lovehtdg",131311,
xiangdangnian,"想当年",28222,
idcn,"工业设计",26740,
71029,"水彩",15590,
ituangou,"团购·淘宝",58113,
333720,"韩国化妆品代购",52061,
523978,"海淘一族，海外代购，国外护肤品",41616,
389603,"海淘！！代购！！我们只要正品！！",13582,
200329,"代购/团购/拼团SHOPPING小组",11799,
553239,"丝袜 I 美腿 I 恋足",10462,
ye_2,"愿我可以学会放低你。",10322,
neverinlove,"从没谈过恋爱的人",168450,
lovelonely,"购物帮你忙",24938,
424135,"韩国护肤品",12323,
515858,"护肤美白秀出女人味(微信:YLKZWX)",51256,
515860,"文艺青年那些事(微信:YLKZWX)",36752,
515859,"吃喝玩乐交友沙龙(微信:YLKZWX)",36018,
515861,"爱搜罗购物，团购不错过(微信:YLKZWX)",33642,
523982,"女人帮，女装时尚形象(V:YLKZWX)",24536,
523979,"淘宝网购，精品购物，韩版服装",24111,
523974,"淘宝购物，搜罗团购网购",19966,
523977,"全球购，名品购物，代购一族",27299,
151273,"自学绘画",29159,
roujuanjuan,"谁来阻止我吃东西的手",128816,
225886,"日本化妆品日用品代购&海淘日本",12453,
chaoxs,"购物狂",56708,
523351,"手机APP应用交流",20658,
523354,"豆瓣东西小组专用分享",17826,
523350,"网页游戏沙龙",15993,
feileniao,"飞乐鸟色铅笔教室",26507,
42471,"香港代购",59349,
no8japn,"日本代购",37161,
loveyogurt,"喝酸奶° 吃水果",122139,
out-of-love,"我失恋了。",174510,
SG160,"90几斤刚刚好",170500,
crazytaobao,"淘宝狂人",11193,
523353,"爱好旅游，摄影与背包客旅行",29415,
528186,"减肥瘦身小跟班",14010,
hzbang,"杭州帮",19410,
523430,"学生购物联盟",20550,
iloveconverse,"香港代购交流",29991,
kaidao,"林孑失恋开导流程",23455,
yinxing,"我们都戴隐形眼镜【严禁广告】",91574,
jsjf,"绝食减肥就是王道。",48912,
jianfeiriji,"【咱们的减肥日记】",73426,
prettygirl,"少吃！少吃！少吃！多动是减肥王道",157557,
icook,"我立志学好做饭",196605,
73820,"香港即时购物打折消息",25589,
hkwalking,"香港周末自由行 〉山",11925,
xicanriliao,"西餐.",15216,
553864,"失恋了想复合/分手挽回 前任攻略",16066,
246289,"瘦身达人训练营！健康减肥美体塑型",46463,
261275,"听我的就会瘦（台湾MM减肥法小组）",16962,
wodejianfeiriji,"跳绳减肥日记",18865,
518602,"加入这个小组你就会有妹子",22126,
xueyingyuzhenfa,"雅思",10551,
563875,"失恋 分手 复合 挽回前任  情感障碍",18269,
343204,"瘦腿帮",52004,
247863,"我要瘦身减肥-丰胸-美容",129011,
192521,"减肥秘籍",12297,
breakfast,"早餐吃什么？！",25015,
NANA-cook2,"NANA的小厨房2",10113,
518957,"爱美女青年&护肤化妆品&祛痘美白",34601,
cheeze-cake,"芝士蛋糕",10635,
518960,"二手交易闲置（北京、上海、广州）",31253,
120982,"香港地头蛇",10537,
151325,"就是要瘦的健健康康",17803,
szduoduo,"香港代购团",10906,
43332,"一定要瘦下来",102749,
201391,"淘宝，便宜最大党~",15324,
201405,"翘臀&瘦腿。",12164,
ChildhoodName,"淘宝好店铺",55933,
zq,"代购海淘",15698,
vicky.s,"Vicky手绘旅行日记",13895,
102062,"学习水彩",53006,
designpark,"设计私活-设计兼职",46741,
yoho,"有 货",10232,
169856,"淘宝·闲置处理",48232,
flea,"跳蚤市场",53651,
aimisweet,"有故事的人才听懂心里的歌儿",124815,
meituikong,"我们都爱大长腿、我们都是美腿控",130490,
huanxiangjia,"幻想家",14593,
21524,"没有安全感",43252,
MUJI,"【無印良品】 MUJI",159697,
182039,"闲置和二手",12362,
208863,"闲置处理",11203,
RIXI,"日系生活绝对精品闲置二手转让",41642,
ershoushu,"二手宝贝",12185,
towhands,"北京二手",98780,
163816,"就是喜欢买二手",26331,
223683,"二手闲置",235514,
187969,"淘宝与闲置品（微信：NALA1258）",35046,
interior_design,"室内设计",14107,
ikeafansclub,"宜家家居 IKEA Fans Club",68800,
sck,"室内设计资源交流",14164,
214116,"二手 闲置交易No.1",21430,
172040,"我们疯狂的爱闲置",11429,
40831,"H&M",65037,
part-time,"兼职信息",133256,
dbsite,"二手闲置",30687,
276120,"【手繪繪本】",11564,
56107,"手绘旅行",112381,
Illustrations,"看-插图·画-插画",23864,
cd--sketch,"绘画..承載梦想的容器.",47249,
263569,"北京兼职、招聘、求职、找工作交流",23046,
321241,"文职圈（兼职。招聘。网秘）",32560,
youzhaopin,"周伯通招聘(www.jobtong.com)",382560,
bjjob,"北京招聘",148303,
bjdxsjzxz,"北京大学生兼职信息交流",42619,
fighting,"我要做漫画家！！",27098,
309739,"淘宝原单男装外贸女装店铺总结集合",11066,
CHANELCOCO,"CHANEL",12765,
xianjianzhi,"西安兼职",22770,
205101,"北京招聘",13849,
BJHR,"北京招聘求职（easyjob.me 豆瓣官方）",20947,
fanjianlove,"那是犯贱不是爱情",22949,
525391,"北京兼职",42926,
fenba,"走出失恋&捉住暖阳",25622,
259072,"北京招聘求职信息共享（请勿站短）",18681,
166127,"北京单身",19358,
176085,"厦门兼职-招聘-求职小组",22338,
ForeignCompany,"外企轶事",39093,
236744,"爱手机爱生活",60150,
188866,"北京单身贵族",14320,
518954,"美容护肤小窍门",11149,
519274,"北京租房",12080,
217437,"成都兼职",17974,
31665,"人力资源人士咖啡吧",30878,
troubleshooting,"电脑疑难杂症",72371,
shanghailife,"水瓶座",141556,
514654,"成都兼职",17633,
33112,"我的暗恋唱成这首歌",36080,
totucao,"我们都是吐槽控",82488,
SHIREN,"像一位孤独的诗人",50113,
135641,"诗",15404,
235202,"英语听说训练(公众微信：way2en)",20620,
39627,"有没有人听我读一首诗",11378,
douban-E-group,"English Corner",21169,
430393,"豆瓣写手",15006,
eslpod,"Podcast学英语 | 小站试运行",45895,
unsein,"我想要首小情诗",20790,
10076,"书店风景",22916,
let_us_go,"背个包去旅行",10181,
britishenglish,"英国英语",28766,
keeven,"一整个夏天的阳光",82186,
ilovelibrary,"我爱图书馆",19451,
ADbar,"广告人酒吧",69407,
copywriter,"文案可以开店可以撰稿可以写诗",53197,
49032,"不管奥不奥美，文案都要进步",12987,
juzikong,"句子控",12744,
weimeidejuzi,"唯美的句子",18693,
rhfan,"Radiohead Fans",15543,
93666,"枕边书香",18096,
bianju,"中国编剧邪会",15508,
346779,"文艺青年装逼会(微信号：zhuang-bi)",67494,
11518,"温暖的绘本小屋",52243,
535202,"失恋分手挽回前任",49946,
yinzhuo,"「银镯男子°」",22764,
103707,"我们就喜欢被女朋友折腾",37153,
qinmen,"网店推荐·淘宝",134176,
wanggou,"网购一族",121108,
170252,"【不勾搭】我要靠谱的谈恋爱",56993,
tb,"淘宝求购（代购去我爱代购海淘组）",179262,
ai_Junko,"● 我要男朋友",156071,
score,"电影音乐",23791,
199180,"姐弟恋靠谱小组√姐姐你是我的♥",100636,
16735,"英语学习",11480,
496295,"暴露狂请别害羞【北京】",59083,
nlrr,"纳兰容若",15023,
bj,"京瓣儿 · 污说邦",79706,
13200,"朝九晚五",18395,
freebook,"网上也有好书看!!!!",40846,
10178,"外国文学",80874,
udoko,"五道口",29925,
AmeLiterature,"美国文学",12119,
csglibrary,"藏书阁",13100,
368701,"女流氓大本营",77366,
210136,"超级编辑和媒体运营",11372,
espanolbasico,"西班牙语基础班",17295,
142931,"疯狂爱口红~爱唇膏",31645,
spanishmovie,"西班牙语电影",10656,
28752,"半夜总想吃点儿什么",16346,
soccer,"豆瓣足球协会",59794,
69073,"没心没肺过生活",37156,
cookbook,"豆瓣食谱",156202,
xyang,"暧昧不起。",29202,
aboutbbc,"All about BBC",77831,
gourmet,"饮食男女",18178,
lonelyland,"孤独孩子们的集合站台",20873,
18099,"《暧昧学》",10767,
Sharing,"手工达人",143660,
the8,"我是测试狂",272941,
xuedianying,"学电影",54695,
shengren,"生人面前不讲话 熟人面前话好多",130689,
wakao,"哇靠这么巧！你也来团购啊！",78907,
515085,"不正经女青年:微信Allure_girls",112776,
111328,"坚持做运动",12971,
pskungfu,"我爱PS",12299,
205089,"那一年 我们不懂爱情",16163,
181202,"长沙兼职",20890,
304192,"北京招聘",20161,
goodjob,"好工作小组！北京招聘信息大集合",39527,
XMjob,"厦门招聘",14373,
532514,"天津兼职",11084,
classicgoods,"原创品牌&经典国货 | 豆瓣小站上线",124107,
342487,"厦门最靠谱的谈恋爱小组",14339,
142716,"成都招聘",14049,
xmdb,"厦门豆瓣",106314,
113298,"杭州兼职",13562,
171570,"厦门租房",11815,
454016,"上海大学生兼职&实习",29404,
soguide,"我爱厦门",19378,
hotel777,"厦门旅游攻略",44443,
hzjob,"杭州招聘",53138,
streetsnap,"潮人★街拍",36642,
10958,"光合作用",10925,
secondhand,"成都二手超级市场",38276,
cd1111,"我一个人躲在成都",22445,
145219,"杭州 出租 租房 中介免入",81885,
supermodels,"世界超级名模与时装潮流",30913,
cd80,"成都80后",23917,
347200,"成都单身勾搭小组",17634,
cdkaopulove,"成恋·写给陌生人的情书",36952,
467221,"杭州租房（出租、求租、合租）",21977,
12565,"吃喝玩乐泡泡杭州",55529,
shanghaijianzhi,"上海兼职^^",111326,
elvitav,"elvita威的生活便签",20730,
106630,"豆瓣成都",11897,
chengdu,"中国好室友❀重庆合租房",19303,
11748,"杭州学生",10075,
xiju,"南囍NANXI",26979,
pw,"表演工作坊",12357,
juben,"戏剧剧本及视频收藏-发帖先搜索",41337,
aihuaju,"我们爱看话剧",21337,
lovesh,"上海最靠谱的谈恋爱小组",96483,
33162,"下沙（杭州）",10380,
131555,"上海兼职【求职+招聘+实习+找工作】",36235,
353003,"上海兼职",22725,
232487,"淘宝网络兼职全职招聘求职小组",27736,
239721,"假装情侣（杭州）",20174,
209551,"杭州恋爱靠谱小组",19820,
FASHIONBOX,"上海达人的=时尚生活=",11363,
551048,"哇靠土豪，你也来团购啊！",42856,
505407,"上海招聘",14416,
hangzhoubei,"杭豆豆",11577,
hzhouse,"杭州租房",22907,
351977,"成都最靠谱的谈恋爱小组",38234,
cd,"成都豆瓣",115383,
cdskill,"成都技能交换",19569,
hufu,"护肤达人",15852,
255664,"护肤要怎么做",15721,
130378,"我们都长大痘痘~",34435,
295265,"祛痘去痘印",22495,
iPhone4,"iPhone 6",81841,
HZhome,"杭州租房",59584,
hangzhou,"杭州豆瓣",118371,
354503,"杭州兼职",21003,
xmu,"厦门大学",19157,
CDzufang,"成都租房",35481,
181278,"厦门豆瓣",38624,
317516,"吃喝玩乐在厦门",11964,
160105,"打垮小三",57976,
294735,"我们来谈一星期恋爱吧™",211048,
525390,"上海兼职",36212,
357414,"成都兼职",24099,
bjjob3,"北京招聘(三)",22306,
tucaocao,"不被吐槽的人生是寂寞的",10197,
jiecaosuile,"吐了个槽",41284,
225087,"西安招聘",15410,
TWO-2,"我的好朋友一个比一个二",14506,
264076,"我们单身--找靠谱的另一半！！",24175,
webspider,"大家都来找工作",13112,
69593,"南京豆瓣",49440,
temphouse,"西安租房",11506,
hrgroup,"实习 求职 招聘",15272,
167231,"极 品 曝 光 站",10179,
75965,"南京单身",41455,
12018,"湖南大学豆瓣",10354,
Hiall,"大学生兼职实习社区",11971,
205339,"大学生交友",26502,
17115,"南京大学生休闲交流",10301,
keepwalking,"暴走南京",30130,
njkaopulove,"吃喝玩乐在南京",14253,
NJNU,"南京师范大学",11070,
thu,"清华大学",20327,
shenzhen,"深圳豆瓣",138857,
551176,"深圳租房",13388,
SZhouse,"深圳租房",15695,
Good..Luck..,"英国华人生活",20749,
yingguoliuxue,"英国留学中心",29028,
35226,"留学英国",37018,
ukhome,"伦敦租房",10561,
168318,"把你的不开心说出来让大家开心一下",17816,
qiushibaike,"糗事百科",22052,
zhaopin,"招聘",11941,
198645,"美国留学申请 - 公众号ivy美国留学",27466,
228429,"实习/兼职 ★微信号wen_anbaobao★",19073,
taok8,"淘宝客兼职网赚",24279,
425704,"大学生兼职",48050,
LODCHINA,"招聘好工作——帮你找到喜欢的工作",15234,
zhenjing,"人才库—让工作来找你！",197874,
162146,"外企面试辅导",12355,
pkdang,"应届生找工作",73890,
missnine,"((((((((((.团团团，微团汇.)))))))))))",26667,
138404,"简历达人",13589,
261319,"个性行为心理学分析",40448,
xxxxxxxxxx,"插画",48728,
fine-art,"画画",124346,
351081,"爱那么短，遗忘却很长很长",11923,
cast_lots,"未卜先知-星座预测心理周易国学",18968,
Guiter,"在北京弹吉他",44523,
zoeddy,"每天都要发现他/她的一个优点哦",17837,
166185,"我们一起写日记",15518,
fengshui,"风水",17199,
getupearlier,"早起者俱乐部",36729,
58216,"对什么都提不起兴趣",12424,
everydayupdate,"每天进步一点点",11994,
157557,"我想变成自己喜欢的自己",28191,
zhuakuang,"间歇性抓狂小分队",15155,
mifengtd,"褪墨",16980,
socreative,"创 想 国 ☆ 原创联盟&创意资源",122365,
topys,"顶尖文案|TOPYS.CN",40296,
adquan,"广告门",13468,
OneNote,"时间和知识管理 PKM+GTD+APP",21078,
lexue,"超级学习力与创造力",19153,
197730,"每天学习八小时",35477,
flowertimer,"养花·养草·养闲人",16699,
flower,"园艺",23057,
124632,"没事就爱瞎激动",54084,
masscom,"传媒考研",19018,
441283,"一万小时梦想实践法",44650,
seehope,"努力,然后看到希望",74096,
aquiculture,"水培植物",13049,
meat,"爱肉组",29473,
dancingsoul,"南方人物周刊",26144,
343444,"让我感谢你，赠我空欢喜。",50042,
translation,"翻译爱好者",39984,
MTI,"MTI 翻译硕士【新年快乐(*￣︶￣)y 】",13456,
25710,"想太多",31386,
freetranslator,"中国自由翻译者大联盟",14529,
Phones_Friends,"临睡之前找个人发发短信玩",10594,
TEM8,"TEM8-英语专业8级考试",36805,
interpretation,"口译爱好者",26736,
VIP,"天使投资俱乐部",10192,
venturecapital,"风险投资俱乐部",22640,
Buykee.com,"创业合伙人",50824,
96433,"中国青年创业计划",23514,
14568,"淘宝创业讨论组",77843,
zjsaibo,"大学生创业园",17044,
ResearchInfo,"人文社科信息",10376,
14062,"加缪",12231,
kafka,"卡夫卡",20409,
c1,"不想上班，一起创业",43543,
rilke,"里尔克",11739,
calvino,"谁爱卡尔维诺",17156,
fg,"死飞联盟 Fixed Gear Union",10916,
webgame,"iPad应用交流",10556,
BEC,"BEC",22081,
calico,"{ 我爱印花布 }™花边剪与碎布头",109412,
skate,"滑板",14060,
caffecoffee,"来杯咖啡",12938,
ipodclassic,"iPod classic",19845,
bike,"单车部落 σб 骑行爱好者的家园",26662,
silence,"自行车出发：冬天来了春天还远吗？",17457,
cafe,"咖啡馆儿",54674,
100009,"不喝咖啡我会死",33364,
yes029.com,"西安旅游",27367,
blackberry,"黑莓",27408,
syphon,"咖啡",13886,
heitou,"去黑头大联盟",21603,
pucool,"一起学吉他",128656,
180482,"我是咖啡师 我是调酒师",12964,
64809,"成都旅游",19731,
swim,"游泳",30769,
19797,"南京二手（供/求/往/来）",11147,
lasagonglue,"西藏攻略",87714,
xizanglvyou,"西藏旅游攻略_梦回西藏_微信 yzlx2015",55288,
yanzi,"孙燕姿｜彩虹金刚",24358,
217138,"度假、旅游——召集广大旅游爱好者",12967,
justmusic,"吉他与英文（谱分享）",14695,
17330,"南京先锋书店",14222,
Guitars,"我爱民谣,我爱木吉他",46284,
ynlj,"我们的云南谁的丽江 | 旅行",125679,
230814,"搭車旅行",66549,
abnormaltrip,"旅行的意义 旅行的故事",26424,
yanjung,"岩井俊二",50158,
56394,"五月天",10044,
427967,"一起拼途去旅行",38340,
zhangweiwei,"张玮玮",10216,
travel2work,"打工旅游",29717,
EdwardYang,"杨德昌|The One and Only Edward Yang",12790,
freehotel,"沙发客的发",19192,
beibaoke,"背包客",18111,
oliveraugust,"约伴一起去穷游",23466,
animated,"优秀动画短片",81772,
HayaoMiyazaki,"宫崎骏 - app store搜索: Say",104766,
244484,"穷游小窝",14138,
10778,"贾樟柯",12171,
filmclub,"胶友会（胶片摄影交友）",19251,
qunar,"去哪儿网",10606,
42198,"不一样的旅行--特色客栈酒店",18244,
131938,"陈奕迅",14750,
wymanwong,"Y",13269,
miriam.cn,"Purple Freak    萬紫千嬅",14209,
527542,"旅游去，乐在途中、美溢心间",10562,
love_travel,"热爱旅行，在路上",11534,
33483,"寻找老动画",42451,
sofadb,"我家沙发给你睡",44342,
flashmusic,"动漫音乐",31986,
519614,"爱旅行（旅游，驴友，骑行，穷游)",20597,
xinyoulinxi,"心有林夕",62214,
mayday,"⑤五迷·軍團",20216,
lijiangtour,"云南|丽江旅游",67058,
529108,"泰国旅游根据地",11906,
529121,"大家爱旅游",11276,
tibetdiy,"大美西藏旅游 | 青海湖 拉萨 尼泊尔",32537,
sodagreen,"苏打绿",58004,
icy,"曹方",15791,
32354,"追新番",68791,
cheer,"陈绮贞",85845,
letu,"组队去旅游",73850,
212792,"一起去云南",10698,
458013,"青海同游团丨青海湖 西藏 敦煌 拼车",28507,
Guitar-Ladies,"吉他+女",16327,
QingHaiLake,"青海 | 陆心之海 青海旅拍",13867,
219926,"【Running Man + 强心脏】",10957,
dowei,"窦唯 竇唯 Dou Wei",13340,
aiqinggongyu,"爱情公寓fans—电视剧",19671,
studenttravel,"学生驴友小组",106004,
ylyinfo,"没钱也旅游 之 旅游资讯一",19114,
vietnam,"越南旅游",46712,
254667,"AA相约去旅行",11508,
199565,"天堂泸沽湖 人间丽江",12287,
leon-image,"摄影基础交流",272695,
377097,"转让·求购YHA青旅·旅舍·客栈集散地",20240,
dalirenmin,"爱大理",54181,
192022,"大理慢生活",18234,
47740,"大理豆瓣",17509,
xilinge,"鼓浪屿旅游攻略_鼓浪屿旅馆_",28441,
330279,"大理义工",22612,
huoche,"坐火车去远行",24676,
gulangyu,"鼓浪屿",10462,
AERG,"建筑爱好者书友会",12472,
Archdaily,"建筑日记Archdaily",15705,
117350,"建筑竞赛",12163,
abbs,"ABBS建筑论坛",24862,
10197,"我爱亦舒",47954,
citypictorial,"城市画报",40372,
223248,"AA 建筑联盟学院",10615,
co-postcards,"互寄明信片",55820,
dushu,"《读书》",58418,
wong,"黃碧雲",14802,
Eileen,"张爱玲",26118,
echofans,"我爱三毛",42778,
landscape,"园林景观设计 Landscape Architecture",42528,
208078,"建筑速写",13910,
EnglishPractice,"英语听说交流",26546,
writeress,"写字的女子",52746,
Nihon,"留学日本",55620,
272098,"IPhone&IPad二手交易区",27374,
tokyotokyo,"東京 東京",12847,
111734,"日本留学",20421,
ribenshenghuo,"日本生活",18417,
TOGETHERR,"东玩西玩DIY 手工皮具、本子",15081,
mian,"方便面",54338,
gou,"爱狗俱乐部",29965,
170997,"经典国货化妆品使用秘笈",20201,
mihulife,"瑜伽生活",37030,
65197,"凤凰",22539,
shoulian,"瘦脸达人",108900,
voluntraveller,"国际义工",40148,
om,"yoga爱好者",23353,
fhlyou,"凤凰古城自由行",13469,
GAPPERONTHEWAY,"Gapper国际义工旅行",21710,
badteeth,"我们都有一口烂牙",16747,
bakery,"在家玩烘培",20864,
vsn,"无畏的旅行｜尼泊尔 | 义工",12483,
helpx,"HelpX",13335,
21916,"牙套也美丽",17208,
tooth,"牙齿装修工程",10609,
WWOOF,"WWOOF",29173,
jpcosmetic,"我们都爱日系彩妆",16592,
cuthair,"自己给自己剪头发",31679,
137051,"玩转哈尔滨",10340,
dandingle,"当时我就淡定了",15484,
361237,"哈尔滨豆瓣",21412,
origami,"折纸时光",10477,
BM,"问题皮肤体型研究所",98912,
teagarden,"茶",16563,
fangzi,"豆瓣租房小组",503040,
ningbo,"宁波豆瓣",23600,
279962,"北京租房（非中介）",97783,
26926,"北京租房豆瓣",137745,
sweethome,"北京租房（密探）",78178,
zhufang,"北京无中介租房（寻天使投资合作）",182719,
cbdrent,"北京CBD租房",25707,
252218,"北京租房专家",32986,
369982,"男人的形象工程(微信:xingxiang365)",58232,
handmade-soap,"快乐DIY手工皂、护肤品",62336,
bjfangchan,"租房在北京 @北京租房",11323,
52725,"Gay Earth",162171,
210911,"苏州豆瓣小组",16325,
suda,"苏州大学",15273,
SUZHOUSUZHOU,"苏州 SuZhou",11099,
xiaotanzi,"北京租房",15259,
colossus,"我要长更高（微信公众号:get_taller）",10513,
taller,"长高",11688,
athenabarbie,"护肤天王@完美肌肤地带",16617,
430645,"从零开始学化妆",14936,
handcream,"没有护手霜会死",11075,
523167,"女人我最美（护肤&美容&化妆&服装）",37698,
lovemakeup,"我要学会化妆小组",24489,
followyou,"乌镇旅行（微信平台: wzlvxing）",11145,
14210,"化妆品真相大公开",61152,
learnguitar,"我自己练吉他",42003,
jiaoluoyinyue,"静听那些角落里的小众音乐",42450,
ear,"邻居的耳朵",34303,
11548,"女同性爱电影",30124,
233357,"❀疯狂美白第二分组❀",12359,
210314,"假装情侣·Les版",18234,
15072,"小提琴fans",12795,
les30,"LES 30+",23555,
naruto,"火影忍者",37052,
dydianying,"电影！电影！",17038,
shijiazhuang,"石家庄豆瓣",28303,
guillin,"桂林豆瓣：适合压马路的季节~",13763,
nanningdouban,"南宁豆瓣",27063,
yantai,"烟台豆瓣",11195,
Wong_Kar-wai,"王家卫",20032,
dongguan,"东莞豆瓣",14392,
300346,"less is more",27400,
oilyskin,"油性皮肤",11289,
tomgirl,"娘T",30790,
lesplus,"les+ - AppStore搜“Yummy愉悦”",31333,
lala,"Les Sky",197779,
29762,"呼和浩特小组",12148,
kmdb,"昆明豆瓣",50004,
lanzhou,"兰州豆瓣",20938,
tuomao,"将脱毛进行到底",17128,
harmonica,"布鲁斯十孔口琴。",12489,
he.fei,"合肥豆瓣",35174,
10557,"狮城豆瓣",18708,
classicalsongs,"古风歌曲",11327,
slam.dunk,"灌篮高手",11846,
yitengruner,"伊藤润二",15851,
pingtu,"我们都爱玩拼图",14186,
guzheng,"古筝",10283,
ukulele,"ukulele",24987,
turtle_shell,"不写影评，只讲段子",25892,
pintobooks,"邊度有書．有音樂",14205,
perdel,"Escape Plan（Perdel）／逃跑计划",13075,
og2008,"一起看奥运",11722,
596347,"上班这件事儿",43174,
596383,"学校那些事",41479,
596403,"烘焙",14976,
596336,"养狗",13525,
596375,"摄影",25564,
596370,"出境游",19224,
596363,"随手拍",27674,
596337,"下厨房",26797,
596338,"吃吃吃",30017,
596373,"旅行",36944,
ScriptFactory,"剧本工房 『Little Logic』",19363,
596357,"手工",11397,
596335,"养猫",10610,
xingzou,"年轻就出去旅行吧",53888,
596377,"画画",10326,
taiaitai,"泰国",35442,
srilanka001,"一起去斯里兰卡.",25190,
lypeas,"活色洛阳",11030,
zhuhaimodel,"我要找模特！",20137,
pmmt,"平面模特",16552,
515813,"青旅客栈求职招聘、义工、打工旅行",48870,
quanzhou,"泉州豆瓣",15962,
trip,"一起去旅行",576630,
onlylonely,"一个人旅行",148198,
Playing,"丽江旅游、自助游(从大理到丽江！)",21552,
213015,"魔法阿嬷：厦门自住互助游攻略",22488,
just_lomo,"爱lomo 爱生活",64002,
doubanchihuo,"豆瓣吃货",14689,
SHwoman,"上海租房",26998,
bedreaders,"每天提前上床，我们一起读书",11878,
340063,"『只爱听故事』",18327,
momicafe,"猫的天空之城概念书店",18173,
416868,"我们就是要看书，就是要看书如流水",16767,
142645,"我們就想學粵語",49122,
italiano,"意大利語 Italiano",17573,
236270,"留有余地",10370,
lovecantonese,"我要学粤语",11804,
ItaliaMania,"情迷意大利",14958,
italia,"战斗在意大利|入组看介绍写申请",11322,
429860,"角落里的中国",20880,
haizi,"海子",35802,
luoluo,"每天一篇经典短篇",46185,
antony,"安东尼的城堡",17029,
jide,"慈善积德，心想事成",11391,
changzhou,"常州豆瓣",19541,
xzuz,"构思一部小说",23350,
alpent,"爱思想读书会",15033,
xiaobo,"王小波",18740,
Art.China,"艺术当代",11329,
caikangyong,"蔡康永的不乖书房",33949,
349174,"我们都是爱看言情的孩纸灬",19153,
asos,"小S来了",25168,
exotic-culture,"欧美文化---研究中心",13789,
gucheng,"顾城",16786,
artic,"艺术史研究",27394,
tchanhan,"韩寒",16119,
Twocold.,"韩寒书友会",27583,
philology,"每月读一本书",30441,
nhj,"南怀瑾",19354,
m,"禅与禅修",33971,
hg,"背包客的人文地理",413892,
xiangsi,"经典英语短篇阅读",54887,
236951,"英语口语GOGOGO",24253,
swansong,"诗歌",15626,
iPhone,"iPhone&App",123330,
machome,"苹果产品二手买卖",57201,
196023,"互联网金融圈/P2P/理财",17478,
MACBOOK,"MacBook+Pro+Air",64086,
marketing,"新媒体营销",19426,
Kindle,"AMAZON KINDLE | 豆瓣最老字号",124841,
mancook,"饭男 | Man's Cook",143214,
90882,"自己做饭自己吃",76942,
runners,"喜欢跑步的人",270893,
cdch,"成都饮食乌托邦",65227,
starbucks,"星巴克",13507,
Starbucksday,"去星巴克兼职",12717,
beijingzufang,"北京租房",391218,
shanghaizufang,"上海租房",277339,
idealife,"创意生活",176614,
247407,"装修那点事【严禁广告】",28823,
77401,"济南招聘、兼职",11441,
levis,"LeVI'S",18812,
93611,"减肥餐设计与健身|公众微信fitness_d",253513,
147445,"闲置化妆品交易",28485,
76323,"化妆品试用心得分享",31692,
342116,"不会化妆我教你化妆啊！",89076,
chaneldior,"转啊转啊转~只转化妆品~",32251,
204251,"偶们都是美容达人",24997,
394631,"美容护肤**痘印痘痘话题",72275,
224812,"°敏感肌肤大作战",45351,
Parfumare,"香水",120850,
72465,"丰胸也疯狂",12126,
Appearance,"我的形象工程(公众微信:xingxiang365)",564470,
wutuobang,"生活在杭州現場",16390,
nomusiciwilldie,"不听音乐我会死",107389,
253161,"旅行／摄影／音乐／书",34383,
private,"必须有本枕边书",17083,
onepiece,"海贼王",122465,
movie_view,"《看电影》",211560,
cantopop,"粤来粤好™ - 粤语歌",91038,
142641,"自学钢琴",44488,
frenchmovie,"法国电影",65594,
kr,"韩国电影影迷会",41499,
ustv,"美剧fans",282999,
JamCastle,"最爱尤克里里",15937,
heeeal,"治愈系动漫",35410,
10805,"钢琴",14398,
mochou,"旅行在路上，朋友在心间！",15724,
378970,"中国旅行义工",39567,
trip2,"西藏尼泊尔攻略丶约伴拼车",35929,
meizang,"西藏拉萨旅游 | 尼泊尔 川藏线 丽江",12860,
304960,"一个人的旅行",15865,
chinashafake,"沙发客",35871,
WHV,"Working Holiday",77622,
zangtu,"西藏拉萨结伴义工旅行",11388,
qiong,"穷游天下丨旅行 · 旅游",926002,
nantong,"南通豆瓣",11432,
106955,"深圳租房团  (不欢迎中介)",72904,
nine,"我们一起写论文",25112,
JH-MR-MS,"武侠 · 江湖 ▎微信订阅号：bqz-2468",10788,
face2face,"头像即本人",58304,
528576,"时尚辣妈",61673,
szzufang,"苏州租房小组",12357,
518737,"我不要黑头，黑眼圈",10516,
554673,"上海找工作",66700,
xuzhou,"徐州豆瓣",12766,
taiyuan,"太原一家人",16969,
528738,"咖啡控",46995,
31191,"公务员考试",56723,
159937,"音乐节",29242,
558980,"上海同城单身交友聚会活动群",67331,
557646,"上海租房",73137,
558979,"最新最好看的电影电视剧推荐",62912,
528740,"张小盒动漫站",38108,
528732,"一起动画吧!",36363,
528385,"玉玺在手 天下我有！",34924,
222825,"公务员/事业单位考试豆瓣总舵",10841,
qianshi,"催眠前世今生",21872,
528733,"【游戏&人】",38339,
528742,"高清手机壁纸",39203,
277403,"北京高校联盟",19467,
279699,"吃喝玩乐在江苏",19768,
shitboy,"网路游魂之家",17963,
433317,"上海租房|58mi.cn",13960,
19443,"汕头豆瓣",10479,
nanchang,"南昌豆瓣",22385,
Nan_Chang,"吃喝玩乐在南昌",11752,
aicpa,"美国注册会计师",12925,
522137,"任性丨交友·情感·电影·旅游",27338,
xiaoxiang,"小翔的朋友们",17895,
222684,"加入这个小组你就能考上公务员",19584,
528386,"純粹的記錄本",35032,
528737,"直发电影，不说话",34412,
528741,"中国话",34101,
528736,"潘斯特星球",34087,
528739,"万邦图书城",34207,
